INVOICE_ID,LINE_NUMBER,LINE_TYPE_LOOKUP_CODE,REQUESTER_ID,DESCRIPTION,LINE_SOURCE,ORG_ID,LINE_GROUP_NUMBER,INVENTORY_ITEM_ID,ITEM_DESCRIPTION,SERIAL_NUMBER,MANUFACTURER,MODEL_NUMBER,WARRANTY_NUMBER,GENERATE_DISTS,MATCH_TYPE,DISTRIBUTION_SET_ID,ACCOUNT_SEGMENT,BALANCING_SEGMENT,COST_CENTER_SEGMENT,OVERLAY_DIST_CODE_CONCAT,DEFAULT_DIST_CCID,PRORATE_ACROSS_ALL_ITEMS,ACCOUNTING_DATE,PERIOD_NAME,DEFERRED_ACCTG_FLAG,DEF_ACCTG_START_DATE,DEF_ACCTG_END_DATE,DEF_ACCTG_NUMBER_OF_PERIODS,DEF_ACCTG_PERIOD_TYPE,SET_OF_BOOKS_ID,AMOUNT,BASE_AMOUNT,ROUNDING_AMT,QUANTITY_INVOICED,UNIT_MEAS_LOOKUP_CODE,UNIT_PRICE,WFAPPROVAL_STATUS,USSGL_TRANSACTION_CODE,DISCARDED_FLAG,ORIGINAL_AMOUNT,ORIGINAL_BASE_AMOUNT,ORIGINAL_ROUNDING_AMT,CANCELLED_FLAG,INCOME_TAX_REGION,TYPE_1099,STAT_AMOUNT,PREPAY_INVOICE_ID,PREPAY_LINE_NUMBER,INVOICE_INCLUDES_PREPAY_FLAG,CORRECTED_INV_ID,CORRECTED_LINE_NUMBER,PO_HEADER_ID,PO_LINE_ID,PO_RELEASE_ID,PO_LINE_LOCATION_ID,PO_DISTRIBUTION_ID,RCV_TRANSACTION_ID,FINAL_MATCH_FLAG,ASSETS_TRACKING_FLAG,ASSET_BOOK_TYPE_CODE,ASSET_CATEGORY_ID,PROJECT_ID,TASK_ID,EXPENDITURE_TYPE,EXPENDITURE_ITEM_DATE,EXPENDITURE_ORGANIZATION_ID,PA_QUANTITY,PA_CC_AR_INVOICE_ID,PA_CC_AR_INVOICE_LINE_NUM,PA_CC_PROCESSED_CODE,AWARD_ID,AWT_GROUP_ID,REFERENCE_1,REFERENCE_2,RECEIPT_VERIFIED_FLAG,RECEIPT_REQUIRED_FLAG,RECEIPT_MISSING_FLAG,JUSTIFICATION,EXPENSE_GROUP,START_EXPENSE_DATE,END_EXPENSE_DATE,RECEIPT_CURRENCY_CODE,RECEIPT_CONVERSION_RATE,RECEIPT_CURRENCY_AMOUNT,DAILY_AMOUNT,WEB_PARAMETER_ID,ADJUSTMENT_REASON,MERCHANT_DOCUMENT_NUMBER,MERCHANT_NAME,MERCHANT_REFERENCE,MERCHANT_TAX_REG_NUMBER,MERCHANT_TAXPAYER_ID,COUNTRY_OF_SUPPLY,CREDIT_CARD_TRX_ID,COMPANY_PREPAID_INVOICE_ID,CC_REVERSAL_FLAG,CREATION_DATE,CREATED_BY,LAST_UPDATED_BY,LAST_UPDATE_DATE,LAST_UPDATE_LOGIN,PROGRAM_APPLICATION_ID,PROGRAM_ID,PROGRAM_UPDATE_DATE,REQUEST_ID,ATTRIBUTE_CATEGORY,ATTRIBUTE1,ATTRIBUTE2,ATTRIBUTE3,ATTRIBUTE4,ATTRIBUTE5,ATTRIBUTE6,ATTRIBUTE7,ATTRIBUTE8,ATTRIBUTE9,ATTRIBUTE10,ATTRIBUTE11,ATTRIBUTE12,ATTRIBUTE13,ATTRIBUTE14,ATTRIBUTE15,GLOBAL_ATTRIBUTE_CATEGORY,GLOBAL_ATTRIBUTE1,GLOBAL_ATTRIBUTE2,GLOBAL_ATTRIBUTE3,GLOBAL_ATTRIBUTE4,GLOBAL_ATTRIBUTE5,GLOBAL_ATTRIBUTE6,GLOBAL_ATTRIBUTE7,GLOBAL_ATTRIBUTE8,GLOBAL_ATTRIBUTE9,GLOBAL_ATTRIBUTE10,GLOBAL_ATTRIBUTE11,GLOBAL_ATTRIBUTE12,GLOBAL_ATTRIBUTE13,GLOBAL_ATTRIBUTE14,GLOBAL_ATTRIBUTE15,GLOBAL_ATTRIBUTE16,GLOBAL_ATTRIBUTE17,GLOBAL_ATTRIBUTE18,GLOBAL_ATTRIBUTE19,GLOBAL_ATTRIBUTE20,LINE_SELECTED_FOR_APPL_FLAG,PREPAY_APPL_REQUEST_ID,APPLICATION_ID,PRODUCT_TABLE,REFERENCE_KEY1,REFERENCE_KEY2,REFERENCE_KEY3,REFERENCE_KEY4,REFERENCE_KEY5,PURCHASING_CATEGORY_ID,COST_FACTOR_ID,CONTROL_AMOUNT,ASSESSABLE_VALUE,TOTAL_REC_TAX_AMOUNT,TOTAL_NREC_TAX_AMOUNT,TOTAL_REC_TAX_AMT_FUNCL_CURR,TOTAL_NREC_TAX_AMT_FUNCL_CURR,INCLUDED_TAX_AMOUNT,PRIMARY_INTENDED_USE,TAX_ALREADY_CALCULATED_FLAG,SHIP_TO_LOCATION_ID,PRODUCT_TYPE,PRODUCT_CATEGORY,PRODUCT_FISC_CLASSIFICATION,USER_DEFINED_FISC_CLASS,TRX_BUSINESS_CATEGORY,SUMMARY_TAX_LINE_ID,TAX_REGIME_CODE,TAX,TAX_JURISDICTION_CODE,TAX_STATUS_CODE,TAX_RATE_ID,TAX_RATE_CODE,TAX_RATE,TAX_CODE_ID,HISTORICAL_FLAG,TAX_CLASSIFICATION_CODE,SOURCE_APPLICATION_ID,SOURCE_EVENT_CLASS_CODE,SOURCE_ENTITY_CODE,SOURCE_TRX_ID,SOURCE_LINE_ID,SOURCE_TRX_LEVEL_TYPE,RETAINED_AMOUNT,RETAINED_AMOUNT_REMAINING,RETAINED_INVOICE_ID,RETAINED_LINE_NUMBER,LINE_SELECTED_FOR_RELEASE_FLAG,LINE_OWNER_ROLE,DISPUTABLE_FLAG,RCV_SHIPMENT_LINE_ID,AIL_INVOICE_ID,AIL_DISTRIBUTION_LINE_NUMBER,AIL_INVOICE_ID2,AIL_DISTRIBUTION_LINE_NUMBER2,AIL_INVOICE_ID3,AIL_DISTRIBUTION_LINE_NUMBER3,AIL_INVOICE_ID4,PAY_AWT_GROUP_ID
10664865,1,ITEM,,Withholding Tax - 4AVTRADE TEST - PANAYAPHB /3,AUTO INVOICE CREATION,1462,,,,,,,,D,NOT MATCHED,,,,,,,false,2023-11-16 00:00:00.000000 UTC,Nov-23,false,,,,,130,17.86,,0.0,,,,NOT REQUIRED,,false,,,,false,,,,,,,,,,,,,,,false,false,,,,,,,,,,,,,,,,,,,,,,,,,,,,,,,,,,,,,,2023-11-16 00:11:32.000000 UTC,930138,930138,2023-11-16 00:11:32.000000 UTC,199134853,,,2023-11-16 00:11:32.000000 UTC,,,,,,,,,,,,,,,,,,,,,,,,,,,,,,,,,,,,,,,,,,,,,,,,,,,,,,,,,,,,,,,,,,,,,,,,,,,,,,,,,,,,,,,,,,,,,,,,,
10654750,1,ITEM,,Aug-23,MANUAL LINE ENTRY,121,,,,,,,,D,NOT_MATCHED,,,,,,14779528,false,2023-10-01 00:00:00.000000 UTC,Oct-23,false,,,,,2,308.0,,,,,,NOT REQUIRED,,false,,,,false,,,,,,,,,,,,,,,,false,,,,,,,,,,,,,,,,,,,,,,,,,,,,,,,,,,,,,,2023-09-08 13:51:57.000000 UTC,924816,5,2023-11-06 07:14:00.000000 UTC,195508911,,,,,,,,,,,,,,,,,,,,,,,,,,,,,,,,,,,,,,,,,,,,,,,,,,,,,,,,,,,,,true,,,,,,,,,,,,,,,,,,,,,,,,,,,,,,,,,,,,,,,
10654744,1,ITEM,,07/26/23-08/22/23,MANUAL LINE ENTRY,121,,,,,,,,D,NOT_MATCHED,,,,,,14990995,false,2023-10-01 00:00:00.000000 UTC,Oct-23,false,,,,,2,97.56,,,,,,NOT REQUIRED,,false,,,,false,,,,,,,,,,,,,,,,false,,,,,,,,,,,,,,,,,,,,,,,,,,,,,,,,,,,,,,2023-09-08 11:48:41.000000 UTC,924816,5,2023-11-06 07:14:00.000000 UTC,195508911,,,,,,,,,,,,,,,,,,,,,,,,,,,,,,,,,,,,,,,,,,,,,,,,,,,,,,,,,,,,,true,,,,,,,,,,,,,,,,,,,,,,,,,,,,,,,,,,,,,,,
10654740,1,ITEM,,Sep-23,MANUAL LINE ENTRY,121,,,,,,,,D,NOT_MATCHED,,,,,,8967691,false,2023-10-01 00:00:00.000000 UTC,Oct-23,false,,,,,2,5282.05,,,,,,NOT REQUIRED,,false,,,,false,,,,,,,,,,,,,,,,false,,,,,,,,,,,,,,,,,,,,,,,,,,,,,,,,,,,,,,2023-09-08 11:24:50.000000 UTC,924816,5,2023-11-06 07:14:00.000000 UTC,195508911,,,,,,,,,,,,,,,,,,,,,,,,,,,,,,,,,,,,,,,,,,,,,,,,,,,,,,,,,,,,,true,,,,,,,,,,,,,,,,,,,,,,,,,,,,,,,,,,,,,,,
10654750,4,ITEM,,Aug-23,MANUAL LINE ENTRY,121,,,,,,,,D,NOT_MATCHED,,,,,,14756144,false,2023-10-01 00:00:00.000000 UTC,Oct-23,false,,,,,2,1565.55,,,,,,NOT REQUIRED,,false,,,,false,,,,,,,,,,,,,,,,false,,,,,,,,,,,,,,,,,,,,,,,,,,,,,,,,,,,,,,2023-09-08 13:51:57.000000 UTC,924816,5,2023-11-06 07:14:00.000000 UTC,195508911,,,,,,,,,,,,,,,,,,,,,,,,,,,,,,,,,,,,,,,,,,,,,,,,,,,,,,,,,,,,,true,,,,,,,,,,,,,,,,,,,,,,,,,,,,,,,,,,,,,,,
10654746,1,ITEM,,07/26/23-08/22/23,MANUAL LINE ENTRY,121,,,,,,,,D,NOT_MATCHED,,,,,,14990995,false,2023-10-01 00:00:00.000000 UTC,Oct-23,false,,,,,2,161.39,,,,,,NOT REQUIRED,,false,,,,false,,,,,,,,,,,,,,,,false,,,,,,,,,,,,,,,,,,,,,,,,,,,,,,,,,,,,,,2023-09-08 11:55:47.000000 UTC,924816,5,2023-11-06 07:14:00.000000 UTC,195508911,,,,,,,,,,,,,,,,,,,,,,,,,,,,,,,,,,,,,,,,,,,,,,,,,,,,,,,,,,,,,true,,,,,,,,,,,,,,,,,,,,,,,,,,,,,,,,,,,,,,,
10654750,6,ITEM,,Aug-23,MANUAL LINE ENTRY,121,,,,,,,,D,NOT_MATCHED,,,,,,15000967,false,2023-10-01 00:00:00.000000 UTC,Oct-23,false,,,,,2,28.42,,,,,,NOT REQUIRED,,false,,,,false,,,,,,,,,,,,,,,,false,,,,,,,,,,,,,,,,,,,,,,,,,,,,,,,,,,,,,,2023-09-08 13:51:57.000000 UTC,924816,5,2023-11-06 07:14:00.000000 UTC,195508911,,,,,,,,,,,,,,,,,,,,,,,,,,,,,,,,,,,,,,,,,,,,,,,,,,,,,,,,,,,,,true,,,,,,,,,,,,,,,,,,,,,,,,,,,,,,,,,,,,,,,
10654750,5,ITEM,,Aug-23,MANUAL LINE ENTRY,121,,,,,,,,D,NOT_MATCHED,,,,,,517680,false,2023-10-01 00:00:00.000000 UTC,Oct-23,false,,,,,2,259.13,,,,,,NOT REQUIRED,,false,,,,false,,,,,,,,,,,,,,,,false,,,,,,,,,,,,,,,,,,,,,,,,,,,,,,,,,,,,,,2023-09-08 13:51:57.000000 UTC,924816,5,2023-11-06 07:14:00.000000 UTC,195508911,,,,,,,,,,,,,,,,,,,,,,,,,,,,,,,,,,,,,,,,,,,,,,,,,,,,,,,,,,,,,true,,,,,,,,,,,,,,,,,,,,,,,,,,,,,,,,,,,,,,,
10654743,1,ITEM,,07/26/23-08/22/23,MANUAL LINE ENTRY,121,,,,,,,,D,NOT_MATCHED,,,,,,14990995,false,2023-10-01 00:00:00.000000 UTC,Oct-23,false,,,,,2,11.95,,,,,,NOT REQUIRED,,false,,,,false,,,,,,,,,,,,,,,,false,,,,,,,,,,,,,,,,,,,,,,,,,,,,,,,,,,,,,,2023-09-08 11:44:18.000000 UTC,924816,5,2023-11-06 07:14:00.000000 UTC,195508911,,,,,,,,,,,,,,,,,,,,,,,,,,,,,,,,,,,,,,,,,,,,,,,,,,,,,,,,,,,,,true,,,,,,,,,,,,,,,,,,,,,,,,,,,,,,,,,,,,,,,
10653843,2,MISCELLANEOUS,,,MANUAL LINE ENTRY,121,,,,,,,,D,NOT_MATCHED,,,,,,80564,false,2023-10-01 00:00:00.000000 UTC,Oct-23,false,,,,,2,0.01,,,,,,NOT REQUIRED,,false,,,,false,,,,,,,,,,,,,,,,false,,,,,,,,,,,,,,,,,,,,,,,,,,,,,,,,,,,,,,2023-09-05 15:01:07.000000 UTC,924816,5,2023-11-06 07:14:00.000000 UTC,195362304,,,,,,,,,,,,,,,,,,,,,,,,,,,,,,,,,,,,,,,,,,,,,,,,,,,,,,,,,,,,,true,,,,,,,,,,,,,,,,,,,,,,,,,,,,,,,,,,,,,,,
10654750,3,ITEM,,Aug-23,MANUAL LINE ENTRY,121,,,,,,,,D,NOT_MATCHED,,,,,,15085348,false,2023-10-01 00:00:00.000000 UTC,Oct-23,false,,,,,2,725.33,,,,,,NOT REQUIRED,,false,,,,false,,,,,,,,,,,,,,,,false,,,,,,,,,,,,,,,,,,,,,,,,,,,,,,,,,,,,,,2023-09-08 13:51:57.000000 UTC,924816,5,2023-11-06 07:14:00.000000 UTC,195508911,,,,,,,,,,,,,,,,,,,,,,,,,,,,,,,,,,,,,,,,,,,,,,,,,,,,,,,,,,,,,true,,,,,,,,,,,,,,,,,,,,,,,,,,,,,,,,,,,,,,,
10654731,3,MISCELLANEOUS,,JABRA EVOLVE 65 SE WRLS HEADSET (1),MANUAL LINE ENTRY,121,,,,,,,,D,NOT_MATCHED,,,,,,2212783,false,2023-10-01 00:00:00.000000 UTC,Oct-23,false,,,,,2,13.79,,,,,,NOT REQUIRED,,false,,,,false,,,,,,,,,,,,,,,,false,,,,,,,,,,,,,,,,,,,,,,,,,,,,,,,,,,,,,,2023-09-08 10:06:04.000000 UTC,924816,5,2023-11-06 07:14:00.000000 UTC,195508911,,,,,,,,,,,,,,,,,,,,,,,,,,,,,,,,,,,,,,,,,,,,,,,,,,,,,,,,,,,,,true,,,,,,,,,,,,,,,,,,,,,,,,,,,,,,,,,,,,,,,
10654750,2,ITEM,,Aug-23,MANUAL LINE ENTRY,121,,,,,,,,D,NOT_MATCHED,,,,,,5088598,false,2023-10-01 00:00:00.000000 UTC,Oct-23,false,,,,,2,19158.76,,,,,,NOT REQUIRED,,false,,,,false,,,,,,,,,,,,,,,,false,,,,,,,,,,,,,,,,,,,,,,,,,,,,,,,,,,,,,,2023-09-08 13:51:57.000000 UTC,924816,5,2023-11-06 07:14:00.000000 UTC,195508911,,,,,,,,,,,,,,,,,,,,,,,,,,,,,,,,,,,,,,,,,,,,,,,,,,,,,,,,,,,,,true,,,,,,,,,,,,,,,,,,,,,,,,,,,,,,,,,,,,,,,
10654731,2,FREIGHT,,JABRA EVOLVE 65 SE WRLS HEADSET (1),MANUAL LINE ENTRY,121,,,,,,,,D,NOT_MATCHED,,,,,,2212783,false,2023-10-01 00:00:00.000000 UTC,Oct-23,false,,,,,2,20.01,,,,,,NOT REQUIRED,,false,,,,false,,,,,,,,,,,,,,,,false,,,,,,,,,,,,,,,,,,,,,,,,,,,,,,,,,,,,,,2023-09-08 10:06:04.000000 UTC,924816,5,2023-11-06 07:14:00.000000 UTC,195508911,,,,,,,,,,,,,,,,,,,,,,,,,,,,,,,,,,,,,,,,,,,,,,,,,,,,,,,,,,,,,true,,,,,,,,,,,,,,,,,,,,,,,,,,,,,,,,,,,,,,,
10654742,1,ITEM,,URG | NON PO | ISS SOBRE FATURAMENTO SP AUG-23 | ACC0137948,MANUAL LINE ENTRY,1476,,,,,,,,D,NOT_MATCHED,,,,,,2942339,false,2023-10-01 00:00:00.000000 UTC,Oct-23,false,,,,,254,226989.44,,,,,,NOT REQUIRED,,false,,,,false,,,,,,,,,,,,,,,,false,,,,,,,,,,,,,,,,,,,,,,,,,,,,,,,,,,,,,,2023-09-08 11:33:20.000000 UTC,976606,5,2023-11-06 04:16:48.000000 UTC,195514740,,,,,,,,,,,,,,,,,,,,,JL.BR.APXINWKB.LINES,,,,,,,,,,,,,,,,,,,,,,,,,,,,,,,,,,,,,,,,true,,,,,,,,,,,,,,,,,,,,,,,,,,,,,,,,,,,,,,,
10654762,1,ITEM,,URG | NON PO | ISS FOHAT #635 August 2023 | ACC0137989,MANUAL LINE ENTRY,1476,,,,,,,,D,NOT_MATCHED,,,,,,1315980,false,2023-10-01 00:00:00.000000 UTC,Oct-23,false,,,,,254,499.87,,,,,,NOT REQUIRED,,false,,,,false,,,,,,,,,,,,,,,,false,,,,,,,,,,,,,,,,,,,,,,,,,,,,,,,,,,,,,,2023-09-08 17:24:42.000000 UTC,930510,5,2023-11-06 04:16:48.000000 UTC,195529696,,,,,,,,,,,,,,,,,,,,,JL.BR.APXINWKB.LINES,,,,,,,,,,,,,,,,,,,,,,,,,,,,,,,,,,,,,,,,true,,,,,,,,,,,,,,,,,,,,,,,,,,,,,,,,,,,,,,,
10654732,1,ITEM,,URG | NON PO | ISS FERREIRA #359 & #360 SOUZA #194245 AUGUST 2023,MANUAL LINE ENTRY,1476,,,,,,,,D,NOT_MATCHED,,,,,,1315980,false,2023-10-01 00:00:00.000000 UTC,Oct-23,false,,,,,254,5033.77,,,,,,NOT REQUIRED,,false,,,,false,,,,,,,,,,,,,,,,false,,,,,,,,,,,,,,,,,,,,,,,,,,,,,,,,,,,,,,2023-09-08 10:16:50.000000 UTC,597096,5,2023-11-06 04:16:48.000000 UTC,195502852,,,,,,,,,,,,,,,,,,,,,JL.BR.APXINWKB.LINES,,,,,,,,,,,,,,,,,,,,,,,,,,,,,,,,,,,,,,,,true,,,,,,,,,,,,,,,,,,,,,,,,,,,,,,,,,,,,,,,
10667450,19,ITEM,,2595111,IMPORTED,121,,,,,,,,D,NOT_MATCHED,,,,,,15142722,,2023-10-01 00:00:00.000000 UTC,Oct-23,false,,,,,2,42.62,,,,,,NOT REQUIRED,,false,,,,false,,,,,,,,,,,,,,,,false,,,,,,,,,,,,,,,,,,,,,,,,,,,,,,,,,,,219284745,,,2023-11-27 10:27:16.000000 UTC,892331,892331,2023-11-27 10:27:16.000000 UTC,-1,200,40157,2023-11-27 00:00:00.000000 UTC,,,,,,,,,,,,,,,,,,,,,,,,,,,,,,,,,,,,,,,,,,,,,,,,,,,,,,,,,,,,,,,,,,,,,,,,,,,,,,,,,,,,,,,,,,,,,,,,,
10667450,6,ITEM,,2595121,IMPORTED,121,,,,,,,,D,NOT_MATCHED,,,,,,15142722,,2023-10-01 00:00:00.000000 UTC,Oct-23,false,,,,,2,17.86,,,,,,NOT REQUIRED,,false,,,,false,,,,,,,,,,,,,,,,false,,,,,,,,,,,,,,,,,,,,,,,,,,,,,,,,,,,219284746,,,2023-11-27 10:27:16.000000 UTC,892331,892331,2023-11-27 10:27:16.000000 UTC,-1,200,40157,2023-11-27 00:00:00.000000 UTC,,,,,,,,,,,,,,,,,,,,,,,,,,,,,,,,,,,,,,,,,,,,,,,,,,,,,,,,,,,,,,,,,,,,,,,,,,,,,,,,,,,,,,,,,,,,,,,,,
10667450,5,ITEM,,2595103,IMPORTED,121,,,,,,,,D,NOT_MATCHED,,,,,,15142722,,2023-10-01 00:00:00.000000 UTC,Oct-23,false,,,,,2,300.0,,,,,,NOT REQUIRED,,false,,,,false,,,,,,,,,,,,,,,,false,,,,,,,,,,,,,,,,,,,,,,,,,,,,,,,,,,,219284742,,,2023-11-27 10:27:16.000000 UTC,892331,892331,2023-11-27 10:27:16.000000 UTC,-1,200,40157,2023-11-27 00:00:00.000000 UTC,,,,,,,,,,,,,,,,,,,,,,,,,,,,,,,,,,,,,,,,,,,,,,,,,,,,,,,,,,,,,,,,,,,,,,,,,,,,,,,,,,,,,,,,,,,,,,,,,
10667450,8,ITEM,,2595121,IMPORTED,121,,,,,,,,D,NOT_MATCHED,,,,,,15142722,,2023-10-01 00:00:00.000000 UTC,Oct-23,false,,,,,2,33.92,,,,,,NOT REQUIRED,,false,,,,false,,,,,,,,,,,,,,,,false,,,,,,,,,,,,,,,,,,,,,,,,,,,,,,,,,,,219285204,,,2023-11-27 10:27:16.000000 UTC,892331,892331,2023-11-27 10:27:16.000000 UTC,-1,200,40157,2023-11-27 00:00:00.000000 UTC,,,,,,,,,,,,,,,,,,,,,,,,,,,,,,,,,,,,,,,,,,,,,,,,,,,,,,,,,,,,,,,,,,,,,,,,,,,,,,,,,,,,,,,,,,,,,,,,,
10667450,12,ITEM,,2595111,IMPORTED,121,,,,,,,,D,NOT_MATCHED,,,,,,15142722,,2023-10-01 00:00:00.000000 UTC,Oct-23,false,,,,,2,7.04,,,,,,NOT REQUIRED,,false,,,,false,,,,,,,,,,,,,,,,false,,,,,,,,,,,,,,,,,,,,,,,,,,,,,,,,,,,219284743,,,2023-11-27 10:27:16.000000 UTC,892331,892331,2023-11-27 10:27:16.000000 UTC,-1,200,40157,2023-11-27 00:00:00.000000 UTC,,,,,,,,,,,,,,,,,,,,,,,,,,,,,,,,,,,,,,,,,,,,,,,,,,,,,,,,,,,,,,,,,,,,,,,,,,,,,,,,,,,,,,,,,,,,,,,,,
10667450,1,ITEM,,2595102,IMPORTED,121,,,,,,,,D,NOT_MATCHED,,,,,,15142722,,2023-10-01 00:00:00.000000 UTC,Oct-23,false,,,,,2,16.92,,,,,,NOT REQUIRED,,false,,,,false,,,,,,,,,,,,,,,,false,,,,,,,,,,,,,,,,,,,,,,,,,,,,,,,,,,,219284736,,,2023-11-27 10:27:16.000000 UTC,892331,892331,2023-11-27 10:27:16.000000 UTC,-1,200,40157,2023-11-27 00:00:00.000000 UTC,,,,,,,,,,,,,,,,,,,,,,,,,,,,,,,,,,,,,,,,,,,,,,,,,,,,,,,,,,,,,,,,,,,,,,,,,,,,,,,,,,,,,,,,,,,,,,,,,
10667450,26,ITEM,,2630088,IMPORTED,121,,,,,,,,D,NOT_MATCHED,,,,,,15142722,,2023-10-01 00:00:00.000000 UTC,Oct-23,false,,,,,2,-15.0,,,,,,NOT REQUIRED,,false,,,,false,,,,,,,,,,,,,,,,false,,,,,,,,,,,,,,,,,,,,,,,,,,,,,,,,,,,219285348,,,2023-11-27 10:27:16.000000 UTC,892331,892331,2023-11-27 10:27:16.000000 UTC,-1,200,40157,2023-11-27 00:00:00.000000 UTC,,,,,,,,,,,,,,,,,,,,,,,,,,,,,,,,,,,,,,,,,,,,,,,,,,,,,,,,,,,,,,,,,,,,,,,,,,,,,,,,,,,,,,,,,,,,,,,,,
10667450,13,ITEM,,2595111,IMPORTED,121,,,,,,,,D,NOT_MATCHED,,,,,,15142722,,2023-10-01 00:00:00.000000 UTC,Oct-23,false,,,,,2,1.0,,,,,,NOT REQUIRED,,false,,,,false,,,,,,,,,,,,,,,,false,,,,,,,,,,,,,,,,,,,,,,,,,,,,,,,,,,,219284744,,,2023-11-27 10:27:16.000000 UTC,892331,892331,2023-11-27 10:27:16.000000 UTC,-1,200,40157,2023-11-27 00:00:00.000000 UTC,,,,,,,,,,,,,,,,,,,,,,,,,,,,,,,,,,,,,,,,,,,,,,,,,,,,,,,,,,,,,,,,,,,,,,,,,,,,,,,,,,,,,,,,,,,,,,,,,
10667450,16,ITEM,,2595113,IMPORTED,121,,,,,,,,D,NOT_MATCHED,,,,,,15142722,,2023-10-01 00:00:00.000000 UTC,Oct-23,false,,,,,2,238.13,,,,,,NOT REQUIRED,,false,,,,false,,,,,,,,,,,,,,,,false,,,,,,,,,,,,,,,,,,,,,,,,,,,,,,,,,,,219285200,,,2023-11-27 10:27:16.000000 UTC,892331,892331,2023-11-27 10:27:16.000000 UTC,-1,200,40157,2023-11-27 00:00:00.000000 UTC,,,,,,,,,,,,,,,,,,,,,,,,,,,,,,,,,,,,,,,,,,,,,,,,,,,,,,,,,,,,,,,,,,,,,,,,,,,,,,,,,,,,,,,,,,,,,,,,,
10667450,15,ITEM,,2595102,IMPORTED,121,,,,,,,,D,NOT_MATCHED,,,,,,15142722,,2023-10-01 00:00:00.000000 UTC,Oct-23,false,,,,,2,76.0,,,,,,NOT REQUIRED,,false,,,,false,,,,,,,,,,,,,,,,false,,,,,,,,,,,,,,,,,,,,,,,,,,,,,,,,,,,219285197,,,2023-11-27 10:27:16.000000 UTC,892331,892331,2023-11-27 10:27:16.000000 UTC,-1,200,40157,2023-11-27 00:00:00.000000 UTC,,,,,,,,,,,,,,,,,,,,,,,,,,,,,,,,,,,,,,,,,,,,,,,,,,,,,,,,,,,,,,,,,,,,,,,,,,,,,,,,,,,,,,,,,,,,,,,,,
10667450,14,ITEM,,2595102,IMPORTED,121,,,,,,,,D,NOT_MATCHED,,,,,,15142722,,2023-10-01 00:00:00.000000 UTC,Oct-23,false,,,,,2,50.0,,,,,,NOT REQUIRED,,false,,,,false,,,,,,,,,,,,,,,,false,,,,,,,,,,,,,,,,,,,,,,,,,,,,,,,,,,,219285196,,,2023-11-27 10:27:16.000000 UTC,892331,892331,2023-11-27 10:27:16.000000 UTC,-1,200,40157,2023-11-27 00:00:00.000000 UTC,,,,,,,,,,,,,,,,,,,,,,,,,,,,,,,,,,,,,,,,,,,,,,,,,,,,,,,,,,,,,,,,,,,,,,,,,,,,,,,,,,,,,,,,,,,,,,,,,
10667450,20,ITEM,,2595101,IMPORTED,121,,,,,,,,D,NOT_MATCHED,,,,,,15142722,,2023-10-01 00:00:00.000000 UTC,Oct-23,false,,,,,2,18.4,,,,,,NOT REQUIRED,,false,,,,false,,,,,,,,,,,,,,,,false,,,,,,,,,,,,,,,,,,,,,,,,,,,,,,,,,,,219285194,,,2023-11-27 10:27:16.000000 UTC,892331,892331,2023-11-27 10:27:16.000000 UTC,-1,200,40157,2023-11-27 00:00:00.000000 UTC,,,,,,,,,,,,,,,,,,,,,,,,,,,,,,,,,,,,,,,,,,,,,,,,,,,,,,,,,,,,,,,,,,,,,,,,,,,,,,,,,,,,,,,,,,,,,,,,,
10667450,3,ITEM,,2595102,IMPORTED,121,,,,,,,,D,NOT_MATCHED,,,,,,15142722,,2023-10-01 00:00:00.000000 UTC,Oct-23,false,,,,,2,45.89,,,,,,NOT REQUIRED,,false,,,,false,,,,,,,,,,,,,,,,false,,,,,,,,,,,,,,,,,,,,,,,,,,,,,,,,,,,219284739,,,2023-11-27 10:27:16.000000 UTC,892331,892331,2023-11-27 10:27:16.000000 UTC,-1,200,40157,2023-11-27 00:00:00.000000 UTC,,,,,,,,,,,,,,,,,,,,,,,,,,,,,,,,,,,,,,,,,,,,,,,,,,,,,,,,,,,,,,,,,,,,,,,,,,,,,,,,,,,,,,,,,,,,,,,,,
10667450,33,ITEM,,2595103,IMPORTED,121,,,,,,,,D,NOT_MATCHED,,,,,,15142722,,2023-10-01 00:00:00.000000 UTC,Oct-23,false,,,,,2,219.47,,,,,,NOT REQUIRED,,false,,,,false,,,,,,,,,,,,,,,,false,,,,,,,,,,,,,,,,,,,,,,,,,,,,,,,,,,,219285564,,,2023-11-27 10:27:16.000000 UTC,892331,892331,2023-11-27 10:27:16.000000 UTC,-1,200,40157,2023-11-27 00:00:00.000000 UTC,,,,,,,,,,,,,,,,,,,,,,,,,,,,,,,,,,,,,,,,,,,,,,,,,,,,,,,,,,,,,,,,,,,,,,,,,,,,,,,,,,,,,,,,,,,,,,,,,
10667450,27,ITEM,,2595103,IMPORTED,121,,,,,,,,D,NOT_MATCHED,,,,,,15142722,,2023-10-01 00:00:00.000000 UTC,Oct-23,false,,,,,2,5.46,,,,,,NOT REQUIRED,,false,,,,false,,,,,,,,,,,,,,,,false,,,,,,,,,,,,,,,,,,,,,,,,,,,,,,,,,,,219285345,,,2023-11-27 10:27:16.000000 UTC,892331,892331,2023-11-27 10:27:16.000000 UTC,-1,200,40157,2023-11-27 00:00:00.000000 UTC,,,,,,,,,,,,,,,,,,,,,,,,,,,,,,,,,,,,,,,,,,,,,,,,,,,,,,,,,,,,,,,,,,,,,,,,,,,,,,,,,,,,,,,,,,,,,,,,,
10667450,11,ITEM,,2595102,IMPORTED,121,,,,,,,,D,NOT_MATCHED,,,,,,15142722,,2023-10-01 00:00:00.000000 UTC,Oct-23,false,,,,,2,208.83,,,,,,NOT REQUIRED,,false,,,,false,,,,,,,,,,,,,,,,false,,,,,,,,,,,,,,,,,,,,,,,,,,,,,,,,,,,219284740,,,2023-11-27 10:27:16.000000 UTC,892331,892331,2023-11-27 10:27:16.000000 UTC,-1,200,40157,2023-11-27 00:00:00.000000 UTC,,,,,,,,,,,,,,,,,,,,,,,,,,,,,,,,,,,,,,,,,,,,,,,,,,,,,,,,,,,,,,,,,,,,,,,,,,,,,,,,,,,,,,,,,,,,,,,,,
10667450,35,ITEM,,2595111,IMPORTED,121,,,,,,,,D,NOT_MATCHED,,,,,,15142722,,2023-10-01 00:00:00.000000 UTC,Oct-23,false,,,,,2,36.01,,,,,,NOT REQUIRED,,false,,,,false,,,,,,,,,,,,,,,,false,,,,,,,,,,,,,,,,,,,,,,,,,,,,,,,,,,,219285566,,,2023-11-27 10:27:16.000000 UTC,892331,892331,2023-11-27 10:27:16.000000 UTC,-1,200,40157,2023-11-27 00:00:00.000000 UTC,,,,,,,,,,,,,,,,,,,,,,,,,,,,,,,,,,,,,,,,,,,,,,,,,,,,,,,,,,,,,,,,,,,,,,,,,,,,,,,,,,,,,,,,,,,,,,,,,
10667450,29,ITEM,,2595087,IMPORTED,121,,,,,,,,D,NOT_MATCHED,,,,,,15142722,,2023-10-01 00:00:00.000000 UTC,Oct-23,false,,,,,2,29.34,,,,,,NOT REQUIRED,,false,,,,false,,,,,,,,,,,,,,,,false,,,,,,,,,,,,,,,,,,,,,,,,,,,,,,,,,,,219285560,,,2023-11-27 10:27:16.000000 UTC,892331,892331,2023-11-27 10:27:16.000000 UTC,-1,200,40157,2023-11-27 00:00:00.000000 UTC,,,,,,,,,,,,,,,,,,,,,,,,,,,,,,,,,,,,,,,,,,,,,,,,,,,,,,,,,,,,,,,,,,,,,,,,,,,,,,,,,,,,,,,,,,,,,,,,,
10667450,28,ITEM,,2595103,IMPORTED,121,,,,,,,,D,NOT_MATCHED,,,,,,15142722,,2023-10-01 00:00:00.000000 UTC,Oct-23,false,,,,,2,9.55,,,,,,NOT REQUIRED,,false,,,,false,,,,,,,,,,,,,,,,false,,,,,,,,,,,,,,,,,,,,,,,,,,,,,,,,,,,219285346,,,2023-11-27 10:27:16.000000 UTC,892331,892331,2023-11-27 10:27:16.000000 UTC,-1,200,40157,2023-11-27 00:00:00.000000 UTC,,,,,,,,,,,,,,,,,,,,,,,,,,,,,,,,,,,,,,,,,,,,,,,,,,,,,,,,,,,,,,,,,,,,,,,,,,,,,,,,,,,,,,,,,,,,,,,,,
10667450,32,ITEM,,2595103,IMPORTED,121,,,,,,,,D,NOT_MATCHED,,,,,,15142722,,2023-10-01 00:00:00.000000 UTC,Oct-23,false,,,,,2,40.31,,,,,,NOT REQUIRED,,false,,,,false,,,,,,,,,,,,,,,,false,,,,,,,,,,,,,,,,,,,,,,,,,,,,,,,,,,,219285563,,,2023-11-27 10:27:16.000000 UTC,892331,892331,2023-11-27 10:27:16.000000 UTC,-1,200,40157,2023-11-27 00:00:00.000000 UTC,,,,,,,,,,,,,,,,,,,,,,,,,,,,,,,,,,,,,,,,,,,,,,,,,,,,,,,,,,,,,,,,,,,,,,,,,,,,,,,,,,,,,,,,,,,,,,,,,
10667450,24,ITEM,,2595093,IMPORTED,121,,,,,,,,D,NOT_MATCHED,,,,,,15142722,,2023-10-01 00:00:00.000000 UTC,Oct-23,false,,,,,2,92.0,,,,,,NOT REQUIRED,,false,,,,false,,,,,,,,,,,,,,,,false,,,,,,,,,,,,,,,,,,,,,,,,,,,,,,,,,,,219285344,,,2023-11-27 10:27:16.000000 UTC,892331,892331,2023-11-27 10:27:16.000000 UTC,-1,200,40157,2023-11-27 00:00:00.000000 UTC,,,,,,,,,,,,,,,,,,,,,,,,,,,,,,,,,,,,,,,,,,,,,,,,,,,,,,,,,,,,,,,,,,,,,,,,,,,,,,,,,,,,,,,,,,,,,,,,,
10667450,9,ITEM,,2595102,IMPORTED,121,,,,,,,,D,NOT_MATCHED,,,,,,15142722,,2023-10-01 00:00:00.000000 UTC,Oct-23,false,,,,,2,84.12,,,,,,NOT REQUIRED,,false,,,,false,,,,,,,,,,,,,,,,false,,,,,,,,,,,,,,,,,,,,,,,,,,,,,,,,,,,219284737,,,2023-11-27 10:27:16.000000 UTC,892331,892331,2023-11-27 10:27:16.000000 UTC,-1,200,40157,2023-11-27 00:00:00.000000 UTC,,,,,,,,,,,,,,,,,,,,,,,,,,,,,,,,,,,,,,,,,,,,,,,,,,,,,,,,,,,,,,,,,,,,,,,,,,,,,,,,,,,,,,,,,,,,,,,,,
10667450,30,ITEM,,2595093,IMPORTED,121,,,,,,,,D,NOT_MATCHED,,,,,,15142722,,2023-10-01 00:00:00.000000 UTC,Oct-23,false,,,,,2,52.73,,,,,,NOT REQUIRED,,false,,,,false,,,,,,,,,,,,,,,,false,,,,,,,,,,,,,,,,,,,,,,,,,,,,,,,,,,,219285561,,,2023-11-27 10:27:16.000000 UTC,892331,892331,2023-11-27 10:27:16.000000 UTC,-1,200,40157,2023-11-27 00:00:00.000000 UTC,,,,,,,,,,,,,,,,,,,,,,,,,,,,,,,,,,,,,,,,,,,,,,,,,,,,,,,,,,,,,,,,,,,,,,,,,,,,,,,,,,,,,,,,,,,,,,,,,
10667450,4,ITEM,,2595103,IMPORTED,121,,,,,,,,D,NOT_MATCHED,,,,,,15142722,,2023-10-01 00:00:00.000000 UTC,Oct-23,false,,,,,2,651.8,,,,,,NOT REQUIRED,,false,,,,false,,,,,,,,,,,,,,,,false,,,,,,,,,,,,,,,,,,,,,,,,,,,,,,,,,,,219284741,,,2023-11-27 10:27:16.000000 UTC,892331,892331,2023-11-27 10:27:16.000000 UTC,-1,200,40157,2023-11-27 00:00:00.000000 UTC,,,,,,,,,,,,,,,,,,,,,,,,,,,,,,,,,,,,,,,,,,,,,,,,,,,,,,,,,,,,,,,,,,,,,,,,,,,,,,,,,,,,,,,,,,,,,,,,,
10667450,10,ITEM,,2595102,IMPORTED,121,,,,,,,,D,NOT_MATCHED,,,,,,15142722,,2023-10-01 00:00:00.000000 UTC,Oct-23,false,,,,,2,3.69,,,,,,NOT REQUIRED,,false,,,,false,,,,,,,,,,,,,,,,false,,,,,,,,,,,,,,,,,,,,,,,,,,,,,,,,,,,219284738,,,2023-11-27 10:27:16.000000 UTC,892331,892331,2023-11-27 10:27:16.000000 UTC,-1,200,40157,2023-11-27 00:00:00.000000 UTC,,,,,,,,,,,,,,,,,,,,,,,,,,,,,,,,,,,,,,,,,,,,,,,,,,,,,,,,,,,,,,,,,,,,,,,,,,,,,,,,,,,,,,,,,,,,,,,,,
10667450,21,ITEM,,2595105,IMPORTED,121,,,,,,,,D,NOT_MATCHED,,,,,,15142722,,2023-10-01 00:00:00.000000 UTC,Oct-23,false,,,,,2,473.41,,,,,,NOT REQUIRED,,false,,,,false,,,,,,,,,,,,,,,,false,,,,,,,,,,,,,,,,,,,,,,,,,,,,,,,,,,,219285198,,,2023-11-27 10:27:16.000000 UTC,892331,892331,2023-11-27 10:27:16.000000 UTC,-1,200,40157,2023-11-27 00:00:00.000000 UTC,,,,,,,,,,,,,,,,,,,,,,,,,,,,,,,,,,,,,,,,,,,,,,,,,,,,,,,,,,,,,,,,,,,,,,,,,,,,,,,,,,,,,,,,,,,,,,,,,
10667450,18,ITEM,,2595121,IMPORTED,121,,,,,,,,D,NOT_MATCHED,,,,,,15142722,,2023-10-01 00:00:00.000000 UTC,Oct-23,false,,,,,2,147.74,,,,,,NOT REQUIRED,,false,,,,false,,,,,,,,,,,,,,,,false,,,,,,,,,,,,,,,,,,,,,,,,,,,,,,,,,,,219285203,,,2023-11-27 10:27:16.000000 UTC,892331,892331,2023-11-27 10:27:16.000000 UTC,-1,200,40157,2023-11-27 00:00:00.000000 UTC,,,,,,,,,,,,,,,,,,,,,,,,,,,,,,,,,,,,,,,,,,,,,,,,,,,,,,,,,,,,,,,,,,,,,,,,,,,,,,,,,,,,,,,,,,,,,,,,,
10667450,7,ITEM,,2631092,IMPORTED,121,,,,,,,,D,NOT_MATCHED,,,,,,15142722,,2023-10-01 00:00:00.000000 UTC,Oct-23,false,,,,,2,632.56,,,,,,NOT REQUIRED,,false,,,,false,,,,,,,,,,,,,,,,false,,,,,,,,,,,,,,,,,,,,,,,,,,,,,,,,,,,219284747,,,2023-11-27 10:27:16.000000 UTC,892331,892331,2023-11-27 10:27:16.000000 UTC,-1,200,40157,2023-11-27 00:00:00.000000 UTC,,,,,,,,,,,,,,,,,,,,,,,,,,,,,,,,,,,,,,,,,,,,,,,,,,,,,,,,,,,,,,,,,,,,,,,,,,,,,,,,,,,,,,,,,,,,,,,,,
10667450,25,ITEM,,2630088,IMPORTED,121,,,,,,,,D,NOT_MATCHED,,,,,,15142722,,2023-10-01 00:00:00.000000 UTC,Oct-23,false,,,,,2,-29.0,,,,,,NOT REQUIRED,,false,,,,false,,,,,,,,,,,,,,,,false,,,,,,,,,,,,,,,,,,,,,,,,,,,,,,,,,,,219285347,,,2023-11-27 10:27:16.000000 UTC,892331,892331,2023-11-27 10:27:16.000000 UTC,-1,200,40157,2023-11-27 00:00:00.000000 UTC,,,,,,,,,,,,,,,,,,,,,,,,,,,,,,,,,,,,,,,,,,,,,,,,,,,,,,,,,,,,,,,,,,,,,,,,,,,,,,,,,,,,,,,,,,,,,,,,,
10667450,22,ITEM,,2595111,IMPORTED,121,,,,,,,,D,NOT_MATCHED,,,,,,15142722,,2023-10-01 00:00:00.000000 UTC,Oct-23,false,,,,,2,41.16,,,,,,NOT REQUIRED,,false,,,,false,,,,,,,,,,,,,,,,false,,,,,,,,,,,,,,,,,,,,,,,,,,,,,,,,,,,219285199,,,2023-11-27 10:27:16.000000 UTC,892331,892331,2023-11-27 10:27:16.000000 UTC,-1,200,40157,2023-11-27 00:00:00.000000 UTC,,,,,,,,,,,,,,,,,,,,,,,,,,,,,,,,,,,,,,,,,,,,,,,,,,,,,,,,,,,,,,,,,,,,,,,,,,,,,,,,,,,,,,,,,,,,,,,,,
10667450,2,ITEM,,2595102,IMPORTED,121,,,,,,,,D,NOT_MATCHED,,,,,,15142722,,2023-10-01 00:00:00.000000 UTC,Oct-23,false,,,,,2,425.32,,,,,,NOT REQUIRED,,false,,,,false,,,,,,,,,,,,,,,,false,,,,,,,,,,,,,,,,,,,,,,,,,,,,,,,,,,,219285195,,,2023-11-27 10:27:16.000000 UTC,892331,892331,2023-11-27 10:27:16.000000 UTC,-1,200,40157,2023-11-27 00:00:00.000000 UTC,,,,,,,,,,,,,,,,,,,,,,,,,,,,,,,,,,,,,,,,,,,,,,,,,,,,,,,,,,,,,,,,,,,,,,,,,,,,,,,,,,,,,,,,,,,,,,,,,
10667450,17,ITEM,,2595120,IMPORTED,121,,,,,,,,D,NOT_MATCHED,,,,,,15142722,,2023-10-01 00:00:00.000000 UTC,Oct-23,false,,,,,2,26.49,,,,,,NOT REQUIRED,,false,,,,false,,,,,,,,,,,,,,,,false,,,,,,,,,,,,,,,,,,,,,,,,,,,,,,,,,,,219285201,,,2023-11-27 10:27:16.000000 UTC,892331,892331,2023-11-27 10:27:16.000000 UTC,-1,200,40157,2023-11-27 00:00:00.000000 UTC,,,,,,,,,,,,,,,,,,,,,,,,,,,,,,,,,,,,,,,,,,,,,,,,,,,,,,,,,,,,,,,,,,,,,,,,,,,,,,,,,,,,,,,,,,,,,,,,,
10667450,34,ITEM,,2595105,IMPORTED,121,,,,,,,,D,NOT_MATCHED,,,,,,15142722,,2023-10-01 00:00:00.000000 UTC,Oct-23,false,,,,,2,471.67,,,,,,NOT REQUIRED,,false,,,,false,,,,,,,,,,,,,,,,false,,,,,,,,,,,,,,,,,,,,,,,,,,,,,,,,,,,219285565,,,2023-11-27 10:27:16.000000 UTC,892331,892331,2023-11-27 10:27:16.000000 UTC,-1,200,40157,2023-11-27 00:00:00.000000 UTC,,,,,,,,,,,,,,,,,,,,,,,,,,,,,,,,,,,,,,,,,,,,,,,,,,,,,,,,,,,,,,,,,,,,,,,,,,,,,,,,,,,,,,,,,,,,,,,,,
10667450,23,ITEM,,2595120,IMPORTED,121,,,,,,,,D,NOT_MATCHED,,,,,,15142722,,2023-10-01 00:00:00.000000 UTC,Oct-23,false,,,,,2,-439.25,,,,,,NOT REQUIRED,,false,,,,false,,,,,,,,,,,,,,,,false,,,,,,,,,,,,,,,,,,,,,,,,,,,,,,,,,,,219285202,,,2023-11-27 10:27:16.000000 UTC,892331,892331,2023-11-27 10:27:16.000000 UTC,-1,200,40157,2023-11-27 00:00:00.000000 UTC,,,,,,,,,,,,,,,,,,,,,,,,,,,,,,,,,,,,,,,,,,,,,,,,,,,,,,,,,,,,,,,,,,,,,,,,,,,,,,,,,,,,,,,,,,,,,,,,,
10667450,31,ITEM,,2595103,IMPORTED,121,,,,,,,,D,NOT_MATCHED,,,,,,15142722,,2023-10-01 00:00:00.000000 UTC,Oct-23,false,,,,,2,35.33,,,,,,NOT REQUIRED,,false,,,,false,,,,,,,,,,,,,,,,false,,,,,,,,,,,,,,,,,,,,,,,,,,,,,,,,,,,219285562,,,2023-11-27 10:27:16.000000 UTC,892331,892331,2023-11-27 10:27:16.000000 UTC,-1,200,40157,2023-11-27 00:00:00.000000 UTC,,,,,,,,,,,,,,,,,,,,,,,,,,,,,,,,,,,,,,,,,,,,,,,,,,,,,,,,,,,,,,,,,,,,,,,,,,,,,,,,,,,,,,,,,,,,,,,,,
10658447,1,ITEM,,,MANUAL LINE ENTRY,101,,,,,,,,D,NOT_MATCHED,,,,,,10333378,false,2023-10-06 00:00:00.000000 UTC,Oct-23,false,,,,,1,100.0,,,,,,NOT REQUIRED,,false,,,,false,,,,,,,,,,,,,,,,false,,,,,,,,,,,,,,,,,,,,,,,,,,,,,,,,,,,,,,2023-11-13 06:39:18.000000 UTC,917841,917841,2023-11-13 06:39:18.000000 UTC,198891705,,,,,,,,,,,,,,,,,,,,,,,,,,,,,,,,,,,,,,,,,,,,,,,,,,,,,,,,,,,,,true,,,,,,,,,,,,,,,,,,,,,,,,,,,,,,,,,,,,,,,
10658446,1,ITEM,,,MANUAL LINE ENTRY,101,,,,,,,,D,NOT_MATCHED,,,,,,,false,2023-10-06 00:00:00.000000 UTC,Oct-23,false,,,,,1,1000.0,,,,,,NOT REQUIRED,,false,,,,false,,,,,,,,,,,,,,,,false,,,,,,,,,,,,,,,,,,,,,,,,,,,,,,,,,,,,,,2023-11-06 08:21:51.000000 UTC,917841,917841,2023-11-06 08:21:51.000000 UTC,198796758,,,,,,,,,,,,,,,,,,,,,,,,,,,,,,,,,,,,,,,,,,,,,,,,,,,,,,,,,,,,,true,,,,,,,,,,,,,,,,,,,,,,,,,,,,,,,,,,,,,,,
10664498,1,ITEM,,,MANUAL LINE ENTRY,121,,,,,,,,D,NOT_MATCHED,,,,,,14990995,false,2023-11-10 00:00:00.000000 UTC,Nov-23,false,,,,,2,1773.36,,,,,,NOT REQUIRED,,false,,,,false,,,,,,,,,,,,,,,,false,,,,,,,,,,,,,,,,,,,,,,,,,,,,,,,,,,,,,,2023-11-10 09:10:20.000000 UTC,892331,892331,2023-11-10 09:10:20.000000 UTC,197541995,,,,,,,,,,,,,,,,,,,,,,,,,,,,,,,,,,,,,,,,,,,,,,,,,,,,,,,,,,,,,true,,,,,,,,,,,,,,,,,,,,,,,,,,,,,,,,,,,,,,,
10665327,1,ITEM,,,MANUAL LINE ENTRY,101,,,,,,,,D,NOT_MATCHED,,,,,,10333378,false,2023-11-20 00:00:00.000000 UTC,Nov-23,false,,,,,1,100.0,,,,,,NOT REQUIRED,,false,,,,false,,,,,,,,,,,,,,,,false,,,,,,,,,,,,,,,,,,,,,,,,,,,,,,,,,,,,,,2023-11-20 00:32:04.000000 UTC,917841,917841,2023-11-20 00:32:04.000000 UTC,200043006,,,,,,,,,,,,,,,,,,,,,,,,,,,,,,,,,,,,,,,,,,,,,,,,,,,,,,,,,,,,,true,,,,,,,,,,,,,,,,,,,,,,,,,,,,,,,,,,,,,,,
10664502,1,ITEM,,,MANUAL LINE ENTRY,121,,,,,,,,D,NOT_MATCHED,,,,,,15242223,false,2023-11-10 00:00:00.000000 UTC,Nov-23,false,,,,,2,106.0,,,,,,NOT REQUIRED,,false,,,,false,,,,,,,,,,,,,,,,false,,,,,,,,,,,,,,,,,,,,,,,,,,,,,,,,,,,,,,2023-11-10 09:58:04.000000 UTC,892331,892331,2023-11-10 09:58:04.000000 UTC,197541995,,,,,,,,,,,,,,,,,,,,,,,,,,,,,,,,,,,,,,,,,,,,,,,,,,,,,,,,,,,,,true,,,,,,,,,,,,,,,,,Englewood,,,,,,,,,,,,,,,,,,,,,,
10664837,1,ITEM,,,MANUAL LINE ENTRY,101,,,,,,,,D,NOT_MATCHED,,,,,,10333378,false,2023-11-15 00:00:00.000000 UTC,Nov-23,false,,,,,1,100.0,,,,,,NOT REQUIRED,,false,,,,false,,,,,,,,,,,,,,,,false,,,,,,,,,,,,,,,,,,,,,,,,,,,,,,,,,,,,,,2023-11-15 08:32:54.000000 UTC,917841,917841,2023-11-15 08:32:54.000000 UTC,199093602,,,,,,,,,,,,,,,,,,,,,,,,,,,,,,,,,,,,,,,,,,,,,,,,,,,,,,,,,,,,,true,,,,,,,,,,,,,,,,,,,,,,,,,,,,,,,,,,,,,,,
10664463,1,ITEM,,MLB office supplies,MANUAL LINE ENTRY,121,,,,,,,,D,NOT_MATCHED,,,,,,179598,false,2023-11-09 00:00:00.000000 UTC,Nov-23,false,,,,,2,167.33,,,,,,NOT REQUIRED,,false,,,,false,,,,,,,,,,,,,,,,false,,,,,,,,,,,,,,,,,,,,,,,,,,,,,,,,,,,,,,2023-11-09 09:46:38.000000 UTC,892331,892331,2023-11-09 09:46:38.000000 UTC,197541995,,,,,,,,,,,,,,,,,,,,,,,,,,,,,,,,,,,,,,,,,,,,,,,,,,,,,,,,,,,,,true,,,,,,,,,,,,,,,,,,,,,,,,,,,,,,,,,,,,,,,
10664504,1,ITEM,,,MANUAL LINE ENTRY,121,,,,,,,,D,NOT_MATCHED,,,,,,15076164,false,2023-11-10 00:00:00.000000 UTC,Nov-23,false,,,,,2,1660.66,,,,,,NOT REQUIRED,,false,,,,false,,,,,,,,,,,,,,,,false,,,,,,,,,,,,,,,,,,,,,,,,,,,,,,,,,,,,,,2023-11-10 10:15:08.000000 UTC,892331,892331,2023-11-10 10:15:08.000000 UTC,197541995,,,,,,,,,,,,,,,,,,,,,,,,,,,,,,,,,,,,,,,,,,,,,,,,,,,,,,,,,,,,,true,,,,,,,,,,,,,,,,,,,,,,,,,,,,,,,,,,,,,,,
10664839,3,AWT,,,AUTO WITHHOLDING,1462,,,,,,,,D,NOT_MATCHED,,,,,,,false,2023-11-15 00:00:00.000000 UTC,Nov-23,false,,,,,130,-20.0,-20.0,0.0,,,,NOT REQUIRED,,false,,,,false,,,,,,,,,,,,,,,false,false,,,,,,,,,,,,,,,,,,,,,,,,,,,,,,,,,,,,,,2023-11-15 11:00:41.000000 UTC,917841,917841,2023-11-15 11:00:41.000000 UTC,199093602,,,2023-11-15 11:00:41.000000 UTC,,,,,,,,,,,,,,,,,,,,,,,,,,,,,,,,,,,,,,,,,,,,,,,,,,,,,,,,,,,,,,,,,,,,,,,,,,,,,,,,,,,,,,,,,,,,,,,,,13034
10664840,1,ITEM,,Withholding Tax - 806 CREATIVES INC - Test1 /3,AUTO INVOICE CREATION,1462,,,,,,,,D,NOT MATCHED,,,,,,,false,2023-11-15 00:00:00.000000 UTC,Nov-23,false,,,,,130,20.0,,0.0,,,,NOT REQUIRED,,false,,,,false,,,,,,,,,,,,,,,false,false,,,,,,,,,,,,,,,,,,,,,,,,,,,,,,,,,,,,,,2023-11-15 11:00:42.000000 UTC,917841,917841,2023-11-15 11:00:42.000000 UTC,199093602,,,2023-11-15 11:00:42.000000 UTC,,,,,,,,,,,,,,,,,,,,,,,,,,,,,,,,,,,,,,,,,,,,,,,,,,,,,,,,,,,,,,,,,,,,,,,,,,,,,,,,,,,,,,,,,,,,,,,,,
10664516,3,AWT,,PANAYA TEST FOR PH EFT,AUTO WITHHOLDING,1462,,,,,,,,D,NOT_MATCHED,,,,,,,false,2023-11-16 00:00:00.000000 UTC,Nov-23,false,,,,,130,-17.86,-17.86,0.0,,,,NOT REQUIRED,,false,,,,false,,,,,,,,,,,,,,,false,false,,,,,,,,,,,,,,,,,,,,,,,,,,,,,,,,,,,,,,2023-11-16 00:11:31.000000 UTC,930138,930138,2023-11-16 00:11:31.000000 UTC,199134853,,,2023-11-16 00:11:31.000000 UTC,,,,,,,,,,,,,,,,,,,,,,,,,,,,,,,,,,,,,,,,,,,,,,,,,,,,,,,,,,,,,,,,,,,,,,,,,,,,,,,,,,,,,,,,,,,,,,,,,13034
10654711,1,ITEM,1547875,2023 Blanket PO,HEADER MATCH,121,,,2023 Blanket PO,,,,,D,ITEM_TO_PO,,,,,,,false,2023-10-01 00:00:00.000000 UTC,Oct-23,false,,,,,2,586.66,,,586.66,EA,1.0,NOT REQUIRED,,false,,,,false,,,,,,,,,8478278,8770100,,7949524,8949848,,false,false,PERCEPTA - US,,,,,2023-08-31 00:00:00.000000 UTC,,,,,,,,,,,,,,,,,,,,,,,,,,,,,,,,2023-09-08 06:38:49.000000 UTC,924816,5,2023-11-06 07:14:00.000000 UTC,195508911,,,,,,,,,,,,,,,,,,,,,,,,,,,,,,,,,,,,,,,,,,,,,,,,,,,,,,,,,,,,,true,402,GOODS,,,,PURCHASE_TRANSACTION,,,,,,,,,,,,,,,,,,,,,,,,,,,,,,,,,
10654731,1,ITEM,1547875,Blanket Order: Supplies as Directed,HEADER MATCH,121,,,Blanket Order: Supplies as Directed,,,,,D,ITEM_TO_PO,,,,,,,false,2023-10-01 00:00:00.000000 UTC,Oct-23,false,,,,,2,170.14,,,170.14,EA,1.0,NOT REQUIRED,,false,,,,false,,,,,,,,,8478221,8769993,,7949318,8949737,,false,false,PERCEPTA - US,,,,,2023-09-07 00:00:00.000000 UTC,,,,,,,,,,,,,,,,,,,,,,,,,,,,,,,,2023-09-08 10:05:09.000000 UTC,924816,5,2023-11-06 07:14:00.000000 UTC,195508911,,,,,,,,,,,,,,,,,,,,,,,,,,,,,,,,,,,,,,,,,,,,,,,,,,,,,,,,,,,,,true,402,GOODS,,,,PURCHASE_TRANSACTION,,,,,,,,,,,,,,,,,,,,,,,,,,,,,,,,,
10653843,1,ITEM,35268,Insight Direct - Polycom Video Conferencing Equipment for Clark Conference Room,HEADER MATCH,121,,,Insight Direct - Polycom Video Conferencing Equipment for Clark Conference Room,,,,,D,ITEM_TO_PO,,,,,,,false,2023-10-01 00:00:00.000000 UTC,Oct-23,false,,,,,2,5950.67,,,5950.67,EA,1.0,NOT REQUIRED,,false,,,,false,,,,,,,,,8550831,8839238,,8034692,9024909,,false,false,PERCEPTA - US,,,,,2023-09-02 00:00:00.000000 UTC,,,,,,,,,,,,,,,,,,,,,,,,,,,,,,,,2023-09-05 15:00:18.000000 UTC,924816,5,2023-11-06 07:14:00.000000 UTC,195362304,,,,,,,,,,,,,,,,,,,,,,,,,,,,,,,,,,,,,,,,,,,,,,,,,,,,,,5950.67,,,,,,,true,402,GOODS,,,,PURCHASE_TRANSACTION,,,,,,,,,,,,,,,,,,,,,,,,,,,,,,,,,
10664500,1,ITEM,1547875,Blanket Order: Supplies as Directed,HEADER MATCH,121,,,Blanket Order: Supplies as Directed,,,,,D,ITEM_TO_PO,,,,,,,false,2023-11-10 00:00:00.000000 UTC,Nov-23,false,,,,,2,81.68,81.68,,81.68,EA,1.0,NOT REQUIRED,,false,,,,false,,,,,,,,,8478222,8769994,,7949319,8949738,,false,false,PERCEPTA - US,,,,,2023-09-28 00:00:00.000000 UTC,,,,,,,,,,,,,,,,,,,,,,,,,,,,,,,,2023-11-10 09:16:01.000000 UTC,892331,892331,2023-11-10 09:16:01.000000 UTC,197541995,,,,,,,,,,,,,,,,,,,,,,,,,,,,,,,,,,,,,,,,,,,,,,,,,,,,,,,,,,,,,true,402,GOODS,,,,PURCHASE_TRANSACTION,,,,,,,,,,,,,,,,,,,,,,,,,,,,,,,,,
10664503,1,ITEM,1547875,2023 Blanket PO,HEADER MATCH,121,,,2023 Blanket PO,,,,,D,ITEM_TO_PO,,,,,,,false,2023-11-10 00:00:00.000000 UTC,Nov-23,false,,,,,2,0.0,0.0,0.0,0.0,EA,1.0,NOT REQUIRED,,,561.63,561.63,,true,,,,,,,,,8478278,8770100,,7949524,8949848,,false,false,PERCEPTA - US,,,,,2023-09-30 00:00:00.000000 UTC,,,,,,,,,,,,,,,,,,,,,,,,,,,,,,,,2023-11-10 10:06:35.000000 UTC,892331,979078,2023-11-28 22:08:09.000000 UTC,200107979,,,,,,,,,,,,,,,,,,,,,,,,,,,,,,,,,,,,,,,,,,,,,,,,,,,,,,,,,,,0,,true,402,GOODS,,,,PURCHASE_TRANSACTION,,,,,,,,,,,,,,,,,,0,0,,,,,,,,,,,,,,
10664494,1,ITEM,1547875,Blanket Order: Supplies as Directed,HEADER MATCH,121,,,Blanket Order: Supplies as Directed,,,,,D,ITEM_TO_PO,,,,,,,false,2023-11-10 00:00:00.000000 UTC,Nov-23,false,,,,,2,0.0,0.0,0.0,0.0,EA,1.0,NOT REQUIRED,,,386.64,386.64,,true,,,,,,,,,8478222,8769994,,7949319,8949738,,false,false,PERCEPTA - US,,,,,2023-10-04 00:00:00.000000 UTC,,,,,,,,,,,,,,,,,,,,,,,,,,,,,,,,2023-11-10 08:51:39.000000 UTC,892331,892331,2023-11-13 09:20:47.000000 UTC,197541995,,,,,,,,,,,,,,,,,,,,,,,,,,,,,,,,,,,,,,,,,,,,,,,,,,,,,,,,,,,0,,true,402,GOODS,,,,PURCHASE_TRANSACTION,,,,,,,,,,,,,,,,,,0,0,,,,,,,,,,,,,,
10664861,1,ITEM,,NON PO | PANAYA TESTING FOR CHECK,MANUAL LINE ENTRY,1476,,,,,,,,D,NOT_MATCHED,,,,,,9534689,false,2023-11-15 00:00:00.000000 UTC,Nov-23,false,,,,,254,500.0,2453.27,,,,,NOT REQUIRED,,false,,,,false,,,,,,,,,,,,,,,,false,,,,,,,,,,,,,,,,,,,,,,,,,,,,,,,,,,,,,,2023-11-15 23:03:04.000000 UTC,532524,532524,2023-11-15 23:03:16.000000 UTC,199133075,,,,,,,,,,,,,,,,,,,,,JL.BR.APXINWKB.LINES,,,,,,,,,,,,,,,,,,,,,,,,,,,,,,,,,,,,,,,,true,242,,,,,,,,,,,,,,,,,,,,,,,,,,,,,,,,,,,,,,
10664561,1,ITEM,,PANAYA TEST (WIRE) FOR ZERO PAYMENT FOR LOCAL CURRENCY,MANUAL LINE ENTRY,1411,,,,,,,,D,NOT_MATCHED,,,,,,9273709,false,2023-11-12 00:00:00.000000 UTC,Nov-23,false,,,,,539,500.0,,,,,,NOT REQUIRED,,false,,,,false,,,,,,,,,,,,,,,,false,,,,,,,,,,,,,,,,,,,,,,,,,,,,,,,,,,,,,,2023-11-12 04:04:32.000000 UTC,532524,532524,2023-11-12 04:04:32.000000 UTC,198837373,,,,,,,,,,,,,,,,,,,,,,,,,,,,,,,,,,,,,,,,,,,,,,,,,,,,,,,,,,,,,true,242,,,,,,,,,,,,,,,,,,,,,,,,,,,,,,,,,,,,,,
10664661,1,ITEM,,PANAYA TESTING FOR PREPAYMENT,MANUAL LINE ENTRY,1476,,,,,,,,D,NOT_MATCHED,,,,,,863838,false,2023-11-13 00:00:00.000000 UTC,Nov-23,false,,,,,254,500.0,,,,,,NOT REQUIRED,,false,,,,false,,,,,,,,,,,,,,,,false,,,,,,,,,,,,,,,,,,,,,,,,,,,,,,,,,,,,,,2023-11-13 22:08:00.000000 UTC,532524,532524,2023-11-13 22:08:00.000000 UTC,198896757,,,,,,,,,,,,,,,,,,,,,JL.BR.APXINWKB.LINES,,,,,,,,,,,,,,,,,,,,,,,,,,,,,,,,,,,,,,,,true,242,,,,,,,,,,,,,,,,,,,,,,,,,,,,,,,,,,,,,,
10664739,1,ITEM,,PANAYA TEST FOR ONLINE PAYMENT,MANUAL LINE ENTRY,1476,,,,,,,,D,NOT_MATCHED,,,,,,9534689,false,2023-11-14 00:00:00.000000 UTC,Nov-23,false,,,,,254,500.0,,,,,,NOT REQUIRED,,false,,,,false,,,,,,,,,,,,,,,,false,,,,,,,,,,,,,,,,,,,,,,,,,,,,,,,,,,,,,,2023-11-14 05:17:32.000000 UTC,532524,532524,2023-11-14 05:17:32.000000 UTC,198900354,,,,,,,,,,,,,,,,,,,,,JL.BR.APXINWKB.LINES,,,,,,,,,,,,,,,,,,,,,,,,,,,,,,,,,,,,,,,,true,242,,,,,,,,,,,,,,,,,,,,,,,,,,,,,,,,,,,,,,
10664702,1,ITEM,,PANAYA TEST FOR GOV CHECK,MANUAL LINE ENTRY,1411,,,,,,,,D,NOT_MATCHED,,,,,,9273709,false,2023-11-13 00:00:00.000000 UTC,Nov-23,false,,,,,539,500.0,,,,,,NOT REQUIRED,,false,,,,false,,,,,,,,,,,,,,,,false,,,,,,,,,,,,,,,,,,,,,,,,,,,,,,,,,,,,,,2023-11-13 23:32:32.000000 UTC,532524,532524,2023-11-13 23:32:32.000000 UTC,198896757,,,,,,,,,,,,,,,,,,,,,,,,,,,,,,,,,,,,,,,,,,,,,,,,,,,,,,,,,,,,,true,242,,,,,,,,,,,,,,,,,,,,,,,,,,,,,,,,,,,,,,
10664783,1,ITEM,,PANAYA TEST FOR ZERO PAYMENT FOR FOREIGN CURRENCY,MANUAL LINE ENTRY,1476,,,,,,,,D,NOT_MATCHED,,,,,,9534689,false,2023-11-14 00:00:00.000000 UTC,Nov-23,false,,,,,254,-500.0,-2451.87,,,,,NOT REQUIRED,,false,,,,false,,,,,,,,,,,,,,,,false,,,,,,,,,,,,,,,,,,,,,,,,,,,,,,,,,,,,,,2023-11-14 21:46:47.000000 UTC,532524,532524,2023-11-14 21:47:16.000000 UTC,199052746,,,,,,,,,,,,,,,,,,,,,JL.BR.APXINWKB.LINES,,,,,,,,,,,,,,,,,,,,,,,,,,,,,,,,,,,,,,,,true,242,,,,,,,,,,,,,,,,,,,,,,,,,,,,,,,,,,,,,,
10664733,1,ITEM,,PANAYA TEST FOR PARTIAL PAYMENT FOREIGN CURRENCY,MANUAL LINE ENTRY,1411,,,,,,,,D,NOT_MATCHED,,,,,,9273709,false,2023-11-14 00:00:00.000000 UTC,Nov-23,false,,,,,539,500.0,6.0,,,,,NOT REQUIRED,,false,,,,false,,,,,,,,,,,,,,,,false,,,,,,,,,,,,,,,,,,,,,,,,,,,,,,,,,,,,,,2023-11-14 04:47:52.000000 UTC,532524,532524,2023-11-14 04:48:00.000000 UTC,198900354,,,,,,,,,,,,,,,,,,,,,,,,,,,,,,,,,,,,,,,,,,,,,,,,,,,,,,,,,,,,,true,242,,,,,,,,,,,,,,,,,,,,,,,,,,,,,,,,,,,,,,
10664490,1,ITEM,,PANAYA TEST FOR CM,MANUAL LINE ENTRY,1411,,,,,,,,D,NOT_MATCHED,,,,,,9273709,false,2023-11-10 00:00:00.000000 UTC,Nov-23,false,,,,,539,169.89,,,,,,NOT REQUIRED,,false,,,,false,,,,,,,,,,,,,,,,false,,,,,,,,,,,,,,,,,,,,,,,,,,,,,,,,,,,,,,2023-11-10 03:11:17.000000 UTC,532524,532524,2023-11-10 03:11:17.000000 UTC,198826880,,,,,,,,,,,,,,,,,,,,,,,,,,,,,,,,,,,,,,,,,,,,,,,,,,,,,,,,,,,,,true,242,,,,,,,,,,,,,,,,,,,,,,,,,,,,,,,,,,,,,,
10664737,1,ITEM,,PANAYA TEST FOR ONLINE PAYMENT CROSS CURRENCY,MANUAL LINE ENTRY,1411,,,,,,,,D,NOT_MATCHED,,,,,,9273709,false,2023-11-14 00:00:00.000000 UTC,Nov-23,false,,,,,539,500.0,6.0,,,,,NOT REQUIRED,,false,,,,false,,,,,,,,,,,,,,,,false,,,,,,,,,,,,,,,,,,,,,,,,,,,,,,,,,,,,,,2023-11-14 04:57:54.000000 UTC,532524,532524,2023-11-14 22:17:49.000000 UTC,199052746,,,,,,,,,,,,,,,,,,,,,,,,,,,,,,,,,,,,,,,,,,,,,,,,,,,,,,,,,,,,,true,242,,,,,,,,,,,,,,,,,,,,,,,,,,,,,,,,,,,,,,
10664818,1,ITEM,,PANAYA TEST FOR BATCH PAYMENT,MANUAL LINE ENTRY,1476,,,,,,,,D,NOT_MATCHED,,,,,,9534689,false,2023-11-15 00:00:00.000000 UTC,Nov-23,false,,,,,254,500.0,,,,,,NOT REQUIRED,,false,,,,false,,,,,,,,,,,,,,,,false,,,,,,,,,,,,,,,,,,,,,,,,,,,,,,,,,,,,,,2023-11-15 06:24:49.000000 UTC,532524,532524,2023-11-15 06:24:49.000000 UTC,199052746,,,,,,,,,,,,,,,,,,,,,JL.BR.APXINWKB.LINES,,,,,,,,,,,,,,,,,,,,,,,,,,,,,,,,,,,,,,,,true,242,,,,,,,,,,,,,,,,,,,,,,,,,,,,,,,,,,,,,,
10664732,1,ITEM,,PANAYA TEST FOR PARTIAL PAYMENT FOREIGN CURRENCY,MANUAL LINE ENTRY,1411,,,,,,,,D,NOT_MATCHED,,,,,,9273709,false,2023-11-14 00:00:00.000000 UTC,Nov-23,false,,,,,539,500.0,6.0,,,,,NOT REQUIRED,,false,,,,false,,,,,,,,,,,,,,,,false,,,,,,,,,,,,,,,,,,,,,,,,,,,,,,,,,,,,,,2023-11-14 04:45:08.000000 UTC,532524,532524,2023-11-14 04:45:17.000000 UTC,198900354,,,,,,,,,,,,,,,,,,,,,,,,,,,,,,,,,,,,,,,,,,,,,,,,,,,,,,,,,,,,,true,242,,,,,,,,,,,,,,,,,,,,,,,,,,,,,,,,,,,,,,
10664736,1,ITEM,,PANAYA TEST FOR VOIDING FOREIGN CURRENCY,MANUAL LINE ENTRY,1411,,,,,,,,D,NOT_MATCHED,,,,,,9273709,false,2023-11-14 00:00:00.000000 UTC,Nov-23,false,,,,,539,500.0,6.0,,,,,NOT REQUIRED,,false,,,,false,,,,,,,,,,,,,,,,false,,,,,,,,,,,,,,,,,,,,,,,,,,,,,,,,,,,,,,2023-11-14 04:55:25.000000 UTC,532524,532524,2023-11-14 04:55:33.000000 UTC,198900354,,,,,,,,,,,,,,,,,,,,,,,,,,,,,,,,,,,,,,,,,,,,,,,,,,,,,,,,,,,,,true,242,,,,,,,,,,,,,,,,,,,,,,,,,,,,,,,,,,,,,,
10664551,1,ITEM,,PANAYA TEST FOR PH CHECK,MANUAL LINE ENTRY,1411,,,,,,,,D,NOT_MATCHED,,,,,,9273709,false,2023-11-12 00:00:00.000000 UTC,Nov-23,false,,,,,539,500.0,,,,,,NOT REQUIRED,,false,,,,false,,,,,,,,,,,,,,,,false,,,,,,,,,,,,,,,,,,,,,,,,,,,,,,,,,,,,,,2023-11-12 03:00:02.000000 UTC,532524,532524,2023-11-12 03:00:02.000000 UTC,198837373,,,,,,,,,,,,,,,,,,,,,,,,,,,,,,,,,,,,,,,,,,,,,,,,,,,,,,,,,,,,,true,242,,,,,,,,,,,,,,,,,,,,,,,,,,,,,,,,,,,,,,
10664881,1,ITEM,,PANAYA TEST FOR UPDATE EXISTING INVOICE,MANUAL LINE ENTRY,1476,,,,,,,,D,NOT_MATCHED,,,,,,9534689,false,2023-11-15 00:00:00.000000 UTC,Nov-23,false,,,,,254,500.0,2453.27,,,,,NOT REQUIRED,,false,,,,false,,,,,,,,,,,,,,,,false,,,,,,,,,,,,,,,,,,,,,,,,,,,,,,,,,,,,,,2023-11-16 06:23:01.000000 UTC,532524,532524,2023-11-16 06:23:18.000000 UTC,199724337,,,,,,,,,,,,,,,,,,,,,JL.BR.APXINWKB.LINES,,,,,,,,,,,,,,,,,,,,,,,,,,,,,,,,,,,,,,,,true,242,,,,,,,,,,,,,,,,,,,,,,,,,,,,,,,,,,,,,,
10664533,1,ITEM,,PANAYA TESTING FOR ENTER AN INVOICE,MANUAL LINE ENTRY,1411,,,,,,,,D,NOT_MATCHED,,,,,,9273709,false,2023-11-12 00:00:00.000000 UTC,Nov-23,false,,,,,539,500.0,,,,,,NOT REQUIRED,,false,,,,false,,,,,,,,,,,,,,,,false,,,,,,,,,,,,,,,,,,,,,,,,,,,,,,,,,,,,,,2023-11-12 01:31:18.000000 UTC,532524,532524,2023-11-12 01:31:18.000000 UTC,198837373,,,,,,,,,,,,,,,,,,,,,,,,,,,,,,,,,,,,,,,,,,,,,,,,,,,,,,,,,,,,,true,242,,,,,,,,,,,,,,,,,,,,,,,,,,,,,,,,,,,,,,
10665323,2,ITEM,,RECLASS NOV-23,MANUAL LINE ENTRY,1411,,,,,,,,D,NOT_MATCHED,,,,,,,false,2023-11-19 00:00:00.000000 UTC,Nov-23,false,,,,,539,0.0,,,,,,NOT REQUIRED,,false,,,,false,,,,,,,,,,,,,,,,false,,,,,,,,,,,,,,,,,,,,,,,,,,,,,,,,,,,,,,2023-11-19 23:47:34.000000 UTC,532524,532524,2023-11-19 23:47:34.000000 UTC,200041046,,,,,,,,,,,,,,,,,,,,,,,,,,,,,,,,,,,,,,,,,,,,,,,,,,,,,,,,,,,,,true,242,,,,,,,,,,,,,,,,,,,,,,,,,,,,,,,,,,,,,,
10664864,1,ITEM,,NON PO | PANAYA TESTING FOR WIRE,MANUAL LINE ENTRY,1476,,,,,,,,D,NOT_MATCHED,,,,,,9534689,false,2023-11-15 00:00:00.000000 UTC,Nov-23,false,,,,,254,500.0,,,,,,NOT REQUIRED,,false,,,,false,,,,,,,,,,,,,,,,false,,,,,,,,,,,,,,,,,,,,,,,,,,,,,,,,,,,,,,2023-11-15 23:55:34.000000 UTC,532524,532524,2023-11-15 23:55:34.000000 UTC,199133075,,,,,,,,,,,,,,,,,,,,,JL.BR.APXINWKB.LINES,,,,,,,,,,,,,,,,,,,,,,,,,,,,,,,,,,,,,,,,true,242,,,,,,,,,,,,,,,,,,,,,,,,,,,,,,,,,,,,,,
10664538,1,ITEM,,PANAYA TESTING FOR PREPAYMENT,MANUAL LINE ENTRY,1411,,,,,,,,D,NOT_MATCHED,,,,,,3704591,false,2023-11-12 00:00:00.000000 UTC,Nov-23,false,,,,,539,500.0,,,,,,NOT REQUIRED,,false,,,,false,,,,,,,,,,,,,,,,false,,,,,,,,,,,,,,,,,,,,,,,,,,,,,,,,,,,,,,2023-11-12 01:58:50.000000 UTC,532524,532524,2023-11-12 01:58:50.000000 UTC,198837373,,,,,,,,,,,,,,,,,,,,,,,,,,,,,,,,,,,,,,,,,,,,,,,,,,,,,,,,,,,,,true,242,,,,,,,,,,,,,,,,,,,,,,,,,,,,,,,,,,,,,,
10664878,1,ITEM,,PANAYA TEST FOR RELEASE ON HOLD,MANUAL LINE ENTRY,1476,,,,,,,,D,NOT_MATCHED,,,,,,9534689,false,2023-11-16 00:00:00.000000 UTC,Nov-23,false,,,,,254,0.0,,0.0,,,,NOT REQUIRED,,,500.0,,,true,,,,,,,,,,,,,,,,false,,,,,,,,,,,,,,,,,,,,,,,,,,,,,,,,,,,,,,2023-11-16 06:07:13.000000 UTC,532524,532524,2023-11-16 06:19:35.000000 UTC,199724337,,,,,,,,,,,,,,,,,,,,,JL.BR.APXINWKB.LINES,,,,,,,,,,,,,,,,,,,,,,,,,,,,,,,,,,,,,,0,,true,242,,,,,,,,,,,,,,,,,,,,,,,0,0,,,,,,,,,,,,,,
10664743,1,ITEM,,PANAYA TEST FOR VOIDING,MANUAL LINE ENTRY,1476,,,,,,,,D,NOT_MATCHED,,,,,,9534689,false,2023-11-14 00:00:00.000000 UTC,Nov-23,false,,,,,254,500.0,,,,,,NOT REQUIRED,,false,,,,false,,,,,,,,,,,,,,,,false,,,,,,,,,,,,,,,,,,,,,,,,,,,,,,,,,,,,,,2023-11-14 05:27:51.000000 UTC,532524,532524,2023-11-14 05:27:51.000000 UTC,198900354,,,,,,,,,,,,,,,,,,,,,JL.BR.APXINWKB.LINES,,,,,,,,,,,,,,,,,,,,,,,,,,,,,,,,,,,,,,,,true,242,,,,,,,,,,,,,,,,,,,,,,,,,,,,,,,,,,,,,,
10664781,1,ITEM,,PANAYA TEST FOR PARTIAL PAYMENT FOREIGN CURRENCY,MANUAL LINE ENTRY,1476,,,,,,,,D,NOT_MATCHED,,,,,,9534689,false,2023-11-14 00:00:00.000000 UTC,Nov-23,false,,,,,254,500.0,2451.87,,,,,NOT REQUIRED,,false,,,,false,,,,,,,,,,,,,,,,false,,,,,,,,,,,,,,,,,,,,,,,,,,,,,,,,,,,,,,2023-11-14 21:43:58.000000 UTC,532524,532524,2023-11-14 21:44:03.000000 UTC,199052746,,,,,,,,,,,,,,,,,,,,,JL.BR.APXINWKB.LINES,,,,,,,,,,,,,,,,,,,,,,,,,,,,,,,,,,,,,,,,true,242,,,,,,,,,,,,,,,,,,,,,,,,,,,,,,,,,,,,,,
10664552,1,ITEM,,PANAYA TEST FOR GOV EFT,MANUAL LINE ENTRY,1411,,,,,,,,D,NOT_MATCHED,,,,,,9273709,false,2023-11-12 00:00:00.000000 UTC,Nov-23,false,,,,,539,500.0,,,,,,NOT REQUIRED,,false,,,,false,,,,,,,,,,,,,,,,false,,,,,,,,,,,,,,,,,,,,,,,,,,,,,,,,,,,,,,2023-11-12 03:01:20.000000 UTC,532524,532524,2023-11-12 03:01:20.000000 UTC,198837373,,,,,,,,,,,,,,,,,,,,,,,,,,,,,,,,,,,,,,,,,,,,,,,,,,,,,,,,,,,,,true,242,,,,,,,,,,,,,,,,,,,,,,,,,,,,,,,,,,,,,,
10664658,1,ITEM,,PANAYA TESTING FOR ENTER CREDIT MEMO,MANUAL LINE ENTRY,1476,,,,,,,,D,NOT_MATCHED,,,,,,9534689,false,2023-11-13 00:00:00.000000 UTC,Nov-23,false,,,,,254,-500.0,,,,,,NOT REQUIRED,,false,,,,false,,,,,,,,,,,,,,,,false,,,,,,,,,,,,,,,,,,,,,,,,,,,,,,,,,,,,,,2023-11-13 18:34:43.000000 UTC,532524,532524,2023-11-13 18:34:52.000000 UTC,198896757,,,,,,,,,,,,,,,,,,,,,JL.BR.APXINWKB.LINES,,,,,,,,,,,,,,,,,,,,,,,,,,,,,,,,,,,,,,,,true,242,,,,,,,,,,,,,,,,,,,,,,,,,,,,,,,,,,,,,,
10664547,1,ITEM,,PANAYA TEST FOR PLACE ON HOLD INVOICE,MANUAL LINE ENTRY,1411,,,,,,,,D,NOT_MATCHED,,,,,,9273709,false,2023-11-12 00:00:00.000000 UTC,Nov-23,false,,,,,539,500.0,,,,,,NOT REQUIRED,,false,,,,false,,,,,,,,,,,,,,,,false,,,,,,,,,,,,,,,,,,,,,,,,,,,,,,,,,,,,,,2023-11-12 02:40:20.000000 UTC,532524,532524,2023-11-12 02:40:20.000000 UTC,198837373,,,,,,,,,,,,,,,,,,,,,,,,,,,,,,,,,,,,,,,,,,,,,,,,,,,,,,,,,,,,,true,242,,,,,,,,,,,,,,,,,,,,,,,,,,,,,,,,,,,,,,
10664548,1,ITEM,,PANAYA TEST FOR RELEASE THE HOLD INVOICE,MANUAL LINE ENTRY,1411,,,,,,,,D,NOT_MATCHED,,,,,,9273709,false,2023-11-12 00:00:00.000000 UTC,Nov-23,false,,,,,539,500.0,,,,,,NOT REQUIRED,,false,,,,false,,,,,,,,,,,,,,,,false,,,,,,,,,,,,,,,,,,,,,,,,,,,,,,,,,,,,,,2023-11-12 02:43:04.000000 UTC,532524,532524,2023-11-12 02:43:04.000000 UTC,198837373,,,,,,,,,,,,,,,,,,,,,,,,,,,,,,,,,,,,,,,,,,,,,,,,,,,,,,,,,,,,,true,242,,,,,,,,,,,,,,,,,,,,,,,,,,,,,,,,,,,,,,
10665305,1,ITEM,,PANAYA TEST,MANUAL LINE ENTRY,1411,,,,,,,,D,NOT_MATCHED,,,,,,9273709,false,2023-11-17 00:00:00.000000 UTC,Nov-23,false,,,,,539,500.0,,,,,,NOT REQUIRED,,false,,,,false,,,,,,,,,,,,,,,,false,,,,,,,,,,,,,,,,,,,,,,,,,,,,,,,,,,,,,,2023-11-17 00:51:04.000000 UTC,532524,532524,2023-11-17 00:51:04.000000 UTC,200021478,,,,,,,,,,,,,,,,,,,,,,,,,,,,,,,,,,,,,,,,,,,,,,,,,,,,,,,,,,,,,true,242,,,,,,,,,,,,,,,,,,,,,,,,,,,,,,,,,,,,,,
10664562,1,ITEM,,PANAYA TEST (WIRE) FOR ZERO PAYMENT FOR LOCAL CURRENCY,MANUAL LINE ENTRY,1411,,,,,,,,D,NOT_MATCHED,,,,,,9273709,false,2023-11-12 00:00:00.000000 UTC,Nov-23,false,,,,,539,-500.0,,,,,,NOT REQUIRED,,false,,,,false,,,,,,,,,,,,,,,,false,,,,,,,,,,,,,,,,,,,,,,,,,,,,,,,,,,,,,,2023-11-12 04:05:53.000000 UTC,532524,532524,2023-11-12 04:05:53.000000 UTC,198837373,,,,,,,,,,,,,,,,,,,,,,,,,,,,,,,,,,,,,,,,,,,,,,,,,,,,,,,,,,,,,true,242,,,,,,,,,,,,,,,,,,,,,,,,,,,,,,,,,,,,,,
10664563,1,ITEM,,PANAYA TEST FOR VOIDING (WIRE) LOCAL CURRENCY,MANUAL LINE ENTRY,1411,,,,,,,,D,NOT_MATCHED,,,,,,9273709,false,2023-11-12 00:00:00.000000 UTC,Nov-23,false,,,,,539,500.0,,,,,,NOT REQUIRED,,false,,,,false,,,,,,,,,,,,,,,,false,,,,,,,,,,,,,,,,,,,,,,,,,,,,,,,,,,,,,,2023-11-12 04:07:53.000000 UTC,532524,532524,2023-11-12 04:07:53.000000 UTC,198837373,,,,,,,,,,,,,,,,,,,,,,,,,,,,,,,,,,,,,,,,,,,,,,,,,,,,,,,,,,,,,true,242,,,,,,,,,,,,,,,,,,,,,,,,,,,,,,,,,,,,,,
10664740,1,ITEM,,PANAYA TEST FOR ZERO PAYMENT,MANUAL LINE ENTRY,1476,,,,,,,,D,NOT_MATCHED,,,,,,9534689,false,2023-11-14 00:00:00.000000 UTC,Nov-23,false,,,,,254,500.0,,,,,,NOT REQUIRED,,false,,,,false,,,,,,,,,,,,,,,,false,,,,,,,,,,,,,,,,,,,,,,,,,,,,,,,,,,,,,,2023-11-14 05:20:21.000000 UTC,532524,532524,2023-11-14 05:20:21.000000 UTC,198900354,,,,,,,,,,,,,,,,,,,,,JL.BR.APXINWKB.LINES,,,,,,,,,,,,,,,,,,,,,,,,,,,,,,,,,,,,,,,,true,242,,,,,,,,,,,,,,,,,,,,,,,,,,,,,,,,,,,,,,
10664772,1,ITEM,,PANAYA TEST FOR EFT,MANUAL LINE ENTRY,1476,,,,,,,,D,NOT_MATCHED,,,,,,9534689,false,2023-11-14 00:00:00.000000 UTC,Nov-23,false,,,,,254,500.0,,,,,,NOT REQUIRED,,false,,,,false,,,,,,,,,,,,,,,,false,,,,,,,,,,,,,,,,,,,,,,,,,,,,,,,,,,,,,,2023-11-14 07:34:53.000000 UTC,532524,532524,2023-11-14 07:34:53.000000 UTC,198900354,,,,,,,,,,,,,,,,,,,,,JL.BR.APXINWKB.LINES,,,,,,,,,,,,,,,,,,,,,,,,,,,,,,,,,,,,,,,,true,242,,,,,,,,,,,,,,,,,,,,,,,,,,,,,,,,,,,,,,
10664534,1,ITEM,,PANAYA TESTING FOR ENTER AN INVOICE TYPE STANDARD,MANUAL LINE ENTRY,1411,,,,,,,,D,NOT_MATCHED,,,,,,9273709,false,2023-11-12 00:00:00.000000 UTC,Nov-23,false,,,,,539,500.0,,,,,,NOT REQUIRED,,false,,,,false,,,,,,,,,,,,,,,,false,,,,,,,,,,,,,,,,,,,,,,,,,,,,,,,,,,,,,,2023-11-12 01:35:05.000000 UTC,532524,532524,2023-11-12 01:35:05.000000 UTC,198837373,,,,,,,,,,,,,,,,,,,,,,,,,,,,,,,,,,,,,,,,,,,,,,,,,,,,,,,,,,,,,true,242,,,,,,,,,,,,,,,,,,,,,,,,,,,,,,,,,,,,,,