_fivetran_id,_fivetran_deleted,_fivetran_synced,accounted_cr,accounted_dr,amount_includes_tax_flag,attribute1,attribute10,attribute11,attribute12,attribute13,attribute14,attribute15,attribute16,attribute17,attribute18,attribute19,attribute2,attribute20,attribute3,attribute4,attribute5,attribute6,attribute7,attribute8,attribute9,co_processed_flag,co_third_party,code_combination_id,context,context2,context3,context4,created_by,creation_date,description,effective_date,entered_cr,entered_dr,gl_sl_link_id,gl_sl_link_table,global_attribute1,global_attribute10,global_attribute2,global_attribute3,global_attribute4,global_attribute5,global_attribute6,global_attribute7,global_attribute8,global_attribute9,global_attribute_category,ignore_rate_flag,invoice_amount,invoice_date,invoice_identifier,je_header_id,je_line_num,jgzz_recon_context_11i,jgzz_recon_date_11i,jgzz_recon_id_11i,jgzz_recon_ref_11i,jgzz_recon_status_11i,last_update_date,last_update_login,last_updated_by,ledger_id,line_type_code,no1,period_name,reference_1,reference_10,reference_2,reference_3,reference_4,reference_5,reference_6,reference_7,reference_8,reference_9,stat_amount,status,subledger_doc_sequence_id,subledger_doc_sequence_value,tax_code,tax_code_id,tax_customer_name,tax_customer_reference,tax_document_date,tax_document_identifier,tax_group_id,tax_line_flag,tax_registration_number,tax_rounding_rule_code,tax_type_code,taxable_line_flag,ussgl_transaction_code
AAA+dnAAOAAAvOJAAS,false,2022-01-15 01:17:36.591000 UTC,,12955.97,,,,,,,,,,,,,,,,,,,,,,,,121578,,,,,1322,2005-06-06T08:25:52,Journal Import Created,2005-07-20T00:00:00,,10300.0,,,,,,,,,,,,,,N,,,,251037,12,,,,,,2005-06-06T08:25:52,3279186,1322,104,,,JUL-05,,,,,,,,,,,,U,,,,,,,,,,,,,,,
AAA+dnAAOAAAvOuABY,false,2022-01-15 01:17:37.843000 UTC,765032.77,,,,,,,,,,,,,,,,,,,,,,,,,21305,,,,,1567,2002-09-17T02:27:39,Journal Mar-01,2001-03-16T00:00:00,30641322.0,,,,,,,,,,,,,,,N,,,,45673,35,,,,,,2002-09-17T02:31:09,1802651,1567,103,,,MAR-01,,,,,,,,,,,,P,,,,,,,,,,,,,,,
AAA+dnAAOAAAvQHACt,false,2022-01-15 01:17:39.386000 UTC,64350.06,,,,,,,,,,,,,,,,,,,,,,,,,266795,,,,,1012657,2007-12-27T18:56:39,Journal to Record Investment Interest Receipt. Accrued Interest: 33333.33 ,2007-04-12T00:00:00,33333.33,,,,,,,,,,,,,,,N,,,,4110873,12,,,,,,2007-12-27T18:56:50,5068522,1012657,249,,,Apr-07,,,,,,,,,,,,P,,,,,,,,,,,,,,,
AAA+dnAAOAAAvQZAAM,false,2022-01-15 01:17:39.597000 UTC,11.75,,,,,,,,,,,,,,,,,,,,,,,,,19653,,,,,1567,2003-01-21T14:47:56,Journal Import Created,2002-09-20T00:00:00,481.28,,,,,,,,,,,,,,,,,,,58825,28,,,,,,2003-01-23T00:18:57,,1567,104,,,SEP-02,19653-20-SEP-02-2077442,,,Liability,,,19653-20-SEP-02-2077442,,,,,P,,,,,,,,,,,,,,,
AAA+dnAAOAAAvQpABq,false,2022-01-15 01:17:39.767000 UTC,,195.0,,,,,,,,,,,,,,,,,,,,,,,,19316,,,,,1567,2004-01-22T02:14:09,Case,2003-11-19T00:00:00,,195.0,78023.0,RSL,,,,,,,,,,,,,,,,102217,60,,,,,,2004-01-22T02:17:18,,1567,102,,,NOV-03,PO,,31433,71356,17794,103427,,,,,,P,,,,,,,,,,,,,,,
AAA+dnAAOAAAvQqAAj,false,2022-01-15 01:17:39.770000 UTC,,16253.22,,,,,,,,,,,,,,,,,,,,,,,,19316,,,,,1567,2004-01-22T02:14:09,Fuel Pump,2003-11-21T00:00:00,,405.8,78687.0,RSL,,,,,,,,,,,,,,,,102221,35,,,,,,2004-01-22T02:17:18,,1567,102,,,NOV-03,PO,,31654,71744,17804,104111,,,,,,P,,,,,,,,,,,,,,,
AAA+dnAAOAAAvQ5ABt,false,2022-01-15 01:17:39.949000 UTC,,53.43,,,,,,,,,,,,,,,,,,,,,,,,17894,,,,,1322,2002-08-08T15:07:35,Journal Aug-01,2001-08-16T00:00:00,,2140.0,,,,,,,,,,,,,,N,,,,43127,83,,,,,,2002-09-17T02:31:09,1770391,1567,103,,,AUG-01,,,,,,,,,,,,P,,,,,,,,,,,,,,,
AAA+dnAAOAAAvQ5ABu,false,2022-01-15 01:17:39.949000 UTC,,590.53,,,,,,,,,,,,,,,,,,,,,,,,17897,,,,,1322,2002-08-08T15:07:35,Journal Aug-01,2001-08-16T00:00:00,,23652.0,,,,,,,,,,,,,,N,,,,43127,84,,,,,,2002-09-17T02:31:09,1770391,1567,103,,,AUG-01,,,,,,,,,,,,P,,,,,,,,,,,,,,,
AAA+dnAAOAAAvRRAAl,false,2022-01-15 01:17:40.393000 UTC,0.0,,,,,,,,,,,,,,,,,,,,,,,,,21852,,,,,1567,2004-01-16T09:06:14,Revenue account for invoice Conc Air #15.,2003-08-31T00:00:00,0.0,,,,,,,,,,,,,,,,,,,101298,4,,,,,,2004-01-22T02:17:18,,1567,102,,,SEP-03,42690,RA_CUST_TRX_LINE_GL_DIST,160421,427170,Conc Air #15,1086,CUSTOMER,1146,INV,INV_REV,,P,,,,,,,,,,,,,,,
AAA+dnAAOAAAvRfACt,false,2022-01-15 01:17:40.658000 UTC,,40000.0,,,,,,,,,,,,,,,,,,,,,,,,266803,,,,,1012657,2008-01-14T18:30:08,Early Withdrawl Journal with Penalty. Account Close Date: 01-APR-07 Maturity Date: 30-JUN-07 Penalty Fee: 152.46 ,2007-04-02T00:00:00,,40000.0,,,,,,,,,,,,,,,,,,4172251,8,,,,,,2008-02-27T12:57:27,,1012657,42,,,Apr-07,,,,,,,,,,,,P,,,,,,,,,,,,,,,
AAA+dnAAOAAAvRmAAJ,false,2022-01-15 01:17:40.789000 UTC,0.0,7.23,,,,,,,,,,,,,,,,,,,,,,,,135774,,,,,1001980,2007-01-24T07:54:38,Journal Import Created,2006-03-31T00:00:00,0.0,7.23,,,,,,,,,,,,,,,,,,3370544,68,,,,,,2007-01-24T07:57:09,,1001980,332,,,MAR/06-06,634046,,5673,31-MAR-06,31-MAR-06,633058,,,,,,P,,,,,,,,,,,,,,,
AAA+dnAAOAAAvRmAAh,false,2022-01-15 01:17:40.791000 UTC,3.4,0.0,,,,,,,,,,,,,,,,,,,,,,,,135814,,,,,1001980,2007-01-24T07:54:39,Journal Import Created,2006-06-09T00:00:00,3.4,0.0,,,,,,,,,,,,,,,,,,3370547,108,,,,,,2007-01-24T07:57:09,,1001980,332,,,JUN/06-06,634052,,5693,09-JUN-06,09-JUN-06,633110,,,,,,P,,,,,,,,,,,,,,,
AAA+dnAAOAAAvRmAAl,false,2022-01-15 01:17:40.791000 UTC,3.4,0.0,,,,,,,,,,,,,,,,,,,,,,,,135814,,,,,1001980,2007-01-24T07:54:39,Journal Import Created,2006-09-29T00:00:00,3.4,0.0,,,,,,,,,,,,,,,,,,3370551,108,,,,,,2007-01-24T07:57:09,,1001980,332,,,SEP/06-06,634058,,5693,29-SEP-06,29-SEP-06,633170,,,,,,P,,,,,,,,,,,,,,,
AAA+dnAAOAAAvRzABg,false,2022-01-15 01:17:40.949000 UTC,,10737.0,,,,,,,,,,,,,,,,,,,,,,,,17890,,,,,1614,2002-01-14T09:55:19,Journal May-01,2001-05-16T00:00:00,,10737.0,,,,,,,,,,,,,,,,,,30493,80,,,,,,2002-09-17T02:27:41,,1567,102,,,MAY-01,,,,,,,,,,,,P,,,,,,,,,,,,,,,
AAA+dnAAOAAAvR2ABO,false,2022-01-15 01:17:40.983000 UTC,,4946.52,,,,,,,,,,,,,,,,,,,,,,,,17861,,,,,1322,2002-11-06T06:39:26,Journal Import Created,2002-12-01T00:00:00,,202062.0,,,,,,,,,,,,,,N,,,,53368,36,,,,,,2003-01-23T00:18:13,1863291,1567,104,,,DEC-02,,,,,,,,,,,,P,,,,,,,,,,,,,,,
AAA+dnAAOAAAvR2ADS,false,2022-01-15 01:17:40.992000 UTC,,264.33,,,,,,,,,,,,,,,,,,,,,,,,17889,,,,,1322,2002-11-06T06:39:26,Journal Import Created,2002-05-01T00:00:00,,10587.0,,,,,,,,,,,,,,N,,,,53369,62,,,,,,2003-01-08T08:02:25,1863291,1567,103,,,MAY-02,,,,,,,,,,,,P,,,,,,,,,,,,,,,
AAA+dnAAOAAAvR3AAP,false,2022-01-15 01:17:40.995000 UTC,25571.22,,,,,,,,,,,,,,,,,,,,,,,,,17841,,,,,1322,2002-11-06T06:39:26,Journal Import Created,2002-05-01T00:00:00,1116363.0,,,,,,,,,,,,,,,N,,,,53370,18,,,,,,2003-01-23T00:21:12,1863291,1567,104,,,MAY-02,,,,,,,,,,,,P,,,,,,,,,,,,,,,
AAA+dnAAOAAAvSFAAo,false,2022-01-15 01:17:41.131000 UTC,,2557.3,,,,,,,,,,,,,,,,,,,,,,,,17881,,,,,1614,2002-01-14T10:40:48,Journal Oct-00,2000-10-16T00:00:00,,97539.0,,,,,,,,,,,,,,N,,,,30571,66,,,,,,2002-09-17T02:33:04,1246780,1567,104,,,OCT-00,,,,,,,,,,,,P,,,,,,,,,,,,,,,
AAA+dnAAOAAAvS6AAg,false,2022-01-15 01:17:42.514000 UTC,,5285.42,,,,,,,,,,,,,,,,,,,,,,,,17873,,,,,1322,2002-11-06T06:39:26,Journal Import Created,2002-07-01T00:00:00,,188428.0,,,,,,,,,,,,,,N,,,,53364,44,,,,,,2003-01-23T00:21:12,1863291,1567,104,,,JUL-02,,,,,,,,,,,,P,,,,,,,,,,,,,,,
AAA+dnAAOAAAvS6ACF,false,2022-01-15 01:17:42.522000 UTC,,3786.82,,,,,,,,,,,,,,,,,,,,,,,,17978,,,,,1322,2002-11-06T06:39:26,Journal Import Created,2002-04-01T00:00:00,,151671.0,,,,,,,,,,,,,,N,,,,53365,39,,,,,,2003-01-08T08:02:25,1863291,1567,103,,,APR-02,,,,,,,,,,,,P,,,,,,,,,,,,,,,
AAA+dnAAOAAAvS7ACB,false,2022-01-15 01:17:42.532000 UTC,4171700.0,,,,,,,,,,,,,,,,,,,,,,,,,115583,,,,,2050,2003-10-28T23:12:49,30-APR-2003,2003-04-30T00:00:00,4171700.0,,,,,,,,,,,,,,,,,,,92799,144,,,,,,2003-10-28T23:23:52,,2050,143,,,APR-03,,,,,,,,,,,,P,,,,,,,,,,,,,,,
AAA+dnAAOAAAvTOAAt,false,2022-01-15 01:17:42.689000 UTC,0.0,,,,,,,,,,,,,,,,,,,,,,,,,17701,,,,,1567,2004-01-14T10:09:04,Tax account for invoice JAG Air #12.,2003-05-31T00:00:00,0.0,,,,,,,,,,,,,,,,,,,100919,62,,,,,,2004-01-14T10:10:19,,1567,102,,,JUN-03,42514,RA_CUST_TRX_LINE_GL_DIST,140939,400327,JAG Air #12,1086,CUSTOMER,1146,INV,INV_TAX,,P,,,,,,,,,,,,,,,
AAA+dnAAOAAAvTOABU,false,2022-01-15 01:17:42.693000 UTC,6.81,,,,,,,,,,,,,,,,,,,,,,,,,17701,,,,,1567,2004-01-14T10:03:40,Tax account for invoice IC Bill #12.,2003-03-31T00:00:00,0.17,,,,,,,,,,,,,,,,,,,100904,24,,,,,,2004-01-14T10:07:35,,1567,102,,,MAR-03,42509,RA_CUST_TRX_LINE_GL_DIST,138285,396543,IC Bill #12,1187,CUSTOMER,1398,INV,INV_TAX,,P,,,,,,,,,,,,,,,
AAA+dnAAOAAAvUCACC,false,2022-01-15 01:17:43.307000 UTC,30565251.0,,,,,,,,,,,,,,,,,,,,,,,,,21305,,,,,1614,2002-01-14T09:20:52,Journal Jul-01,2001-07-16T00:00:00,30565251.0,,,,,,,,,,,,,,,,,,,30469,35,,,,,,2002-09-17T02:27:41,,1567,102,,,JUL-01,,,,,,,,,,,,P,,,,,,,,,,,,,,,
AAA+dnAAOAAAvUCADV,false,2022-01-15 01:17:43.312000 UTC,,1008.0,,,,,,,,,,,,,,,,,,,,,,,,17931,,,,,1614,2002-01-14T09:20:52,Journal Jul-01,2001-07-16T00:00:00,,1008.0,,,,,,,,,,,,,,,,,,30469,118,,,,,,2002-09-17T02:27:41,,1567,102,,,JUL-01,,,,,,,,,,,,P,,,,,,,,,,,,,,,
AAA+dnAAOAAAvUDAAZ,false,2022-01-15 01:17:43.315000 UTC,6374.0,,,,,,,,,,,,,,,,,,,,,,,,,17842,,,,,1614,2002-01-14T09:23:41,Journal May-00,2000-05-16T00:00:00,6374.0,,,,,,,,,,,,,,,,,,,30471,24,,,,,,2002-01-14T10:40:51,,1614,102,,,MAY-00,,,,,,,,,,,,P,,,,,,,,,,,,,,,
AAA+dnAAOAAAvUDABR,false,2022-01-15 01:17:43.318000 UTC,,10728.0,,,,,,,,,,,,,,,,,,,,,,,,17890,,,,,1614,2002-01-14T09:23:41,Journal May-00,2000-05-16T00:00:00,,10728.0,,,,,,,,,,,,,,,,,,30471,80,,,,,,2002-01-14T10:40:51,,1614,102,,,MAY-00,,,,,,,,,,,,P,,,,,,,,,,,,,,,
AAA+dnAAOAAAvUKAB7,false,2022-01-15 01:17:43.385000 UTC,,98760000.0,,,,,,,,,,,,,,,,,,,,,,,,76345,,,,,2190,2001-07-03T07:57:41,Spese Management,2000-07-31T00:00:00,,98760000.0,,,,,,,,,,,,,,,,,,23066,1,,,,,,2001-07-03T08:02:37,,2190,187,,,07-00,,,,,,,,,,,,P,,,,,,,,,,,,,,,
AAA+dnAAOAAAvULABN,false,2022-01-15 01:17:43.391000 UTC,,149870000.0,,,,,,,,,,,,,,,,,,,,,,,,42687,,,,,2190,2001-07-03T07:59:14,Spese supporto Divisione B,2000-09-30T00:00:00,,149870000.0,,,,,,,,,,,,,,,,,,23081,2,,,,,,2001-07-03T08:02:37,,2190,187,,,09-00,,,,,,,,,,,,P,,,,,,,,,,,,,,,
AAA+dnAAOAAAvUQAAb,false,2022-01-15 01:17:43.440000 UTC,,100360.0,,,,,,,,,,,,,,,,,,,,,,,,115450,,,,,2050,2003-10-28T23:12:49,30-JUN-2003,2003-06-30T00:00:00,,100360.0,,,,,,,,,,,,,,,,,,92800,383,,,,,,2003-10-28T23:23:52,,2050,143,,,JUN-03,,,,,,,,,,,,P,,,,,,,,,,,,,,,
AAA+dnAAOAAAvURAAi,false,2022-01-15 01:17:43.448000 UTC,105000.0,,,,,,,,,,,,,,,,,,,,,,,,,108307,,,,,2050,2003-10-28T23:31:48,Journal Import Created,2003-05-01T00:00:00,105000.0,,240559.0,APECL,,,,,,,,,,,,,,,,92808,11,,,,,,2003-10-29T00:09:58,,2050,143,,,MAY-03,"Office Supplies, Inc.",LIABILITY,58899,,,AP5301,AP Invoices,143,,,,P,,,,,,,,,,,,,,,
AAA+dnAAOAAAvVNAAU,false,2022-01-15 01:17:44.143000 UTC,518.37,,,,,,,,,,,,,,,,,,,,,,,,,21852,,,,,1567,2002-09-24T02:23:57,Revenue account for invoice JAG Air #4.,2002-08-25T00:00:00,18480.0,,,,,,,,,,,,,,,,,,,45915,18,,,,,,2002-09-24T02:58:06,,1567,104,,,AUG-02,20969,RA_CUST_TRX_LINE_GL_DIST,81449,268882,JAG Air #4,1086,CUSTOMER,1146,INV,INV_REV,,P,,,,,,,,,,,,,,,
AAA+dnAAOAAAvWHABi,false,2022-01-15 01:17:44.817000 UTC,262.0,,,,,,,,,,,,,,,,,,,,,,,,,17852,,,,,1322,2002-01-07T09:36:51,Stat Nov-2001,2001-11-12T00:00:00,262.0,,,,,,,,,,,,,,,,,,,30163,9,,,,,,2002-01-14T10:38:13,,1614,102,,,NOV-01,,,,,,,,,,,,P,,,,,,,,,,,,,,,
AAA+dnAAOAAAvWIAA8,false,2022-01-15 01:17:44.821000 UTC,,8.0,,,,,,,,,,,,,,,,,,,,,,,,17995,,,,,1322,2002-01-07T08:49:23,Stat Jan-2000,2000-01-12T00:00:00,,8.0,,,,,,,,,,,,,,,,,,30128,23,,,,,,2002-01-14T10:37:34,,1614,102,,,JAN-00,,,,,,,,,,,,P,,,,,,,,,,,,,,,
AAA+dnAAOAAAvWIABZ,false,2022-01-15 01:17:44.822000 UTC,3174.0,,,,,,,,,,,,,,,,,,,,,,,,,17855,,,,,1322,2002-01-07T09:00:27,Stat Jul-2000,2000-07-14T00:00:00,3174.0,,,,,,,,,,,,,,,,,,,30132,4,,,,,,2002-01-14T10:37:34,,1614,102,,,JUL-00,,,,,,,,,,,,P,,,,,,,,,,,,,,,
AAA+dnAAOAAAvWIAEO,false,2022-01-15 01:17:44.832000 UTC,187.0,,,,,,,,,,,,,,,,,,,,,,,,,17856,,,,,1322,2002-01-07T09:30:21,Stat Jun-2001,2001-06-12T00:00:00,187.0,,,,,,,,,,,,,,,,,,,30156,6,,,,,,2002-01-14T10:38:13,,1614,102,,,JUN-01,,,,,,,,,,,,P,,,,,,,,,,,,,,,
AAA+dnAAOAAAvWIAEQ,false,2022-01-15 01:17:44.833000 UTC,188.0,,,,,,,,,,,,,,,,,,,,,,,,,17856,,,,,1322,2002-01-07T09:30:21,Stat Aug-2001,2001-08-12T00:00:00,188.0,,,,,,,,,,,,,,,,,,,30157,6,,,,,,2002-01-14T10:38:13,,1614,102,,,AUG-01,,,,,,,,,,,,P,,,,,,,,,,,,,,,
AAA+dnAAOAAAvWKAAq,false,2022-01-15 01:17:44.855000 UTC,,6543.0,,,,,,,,,,,,,,,,,,,,,,,,17724,,,,,1614,2002-01-14T09:31:16,Journal Jul-00,2000-07-16T00:00:00,,6543.0,,,,,,,,,,,,,,,,,,30477,8,,,,,,2002-01-14T10:40:51,,1614,102,,,JUL-00,,,,,,,,,,,,P,,,,,,,,,,,,,,,
AAA+dnAAOAAAvWKABG,false,2022-01-15 01:17:44.857000 UTC,34478446.0,,,,,,,,,,,,,,,,,,,,,,,,,17854,,,,,1614,2002-01-14T09:31:16,Journal Jul-00,2000-07-16T00:00:00,34478446.0,,,,,,,,,,,,,,,,,,,30477,36,,,,,,2002-01-14T10:40:51,,1614,102,,,JUL-00,,,,,,,,,,,,P,,,,,,,,,,,,,,,
AAA+dnAAOAAAvWKABi,false,2022-01-15 01:17:44.859000 UTC,,150046.0,,,,,,,,,,,,,,,,,,,,,,,,17877,,,,,1614,2002-01-14T09:31:16,Journal Jul-00,2000-07-16T00:00:00,,150046.0,,,,,,,,,,,,,,,,,,30477,64,,,,,,2002-01-14T10:40:51,,1614,102,,,JUL-00,,,,,,,,,,,,P,,,,,,,,,,,,,,,
AAA+dnAAOAAAvWpAAq,false,2022-01-15 01:17:45.196000 UTC,36699.0,,,,,,,,,,,,,,,,,,,,,,,,,17848,,,,,1614,2002-01-14T10:37:30,Stat Jul-2000,2000-07-14T00:00:00,36699.0,,,,,,,,,,,,,,,N,,,,30524,1,,,,,,2002-05-02T07:10:09,1246776,1567,103,,,JUL-00,,,,,,,,,,,,P,,,,,,,,,,,,,,,
AAA+dnAAOAAAvWpAA/,false,2022-01-15 01:17:45.197000 UTC,,5.0,,,,,,,,,,,,,,,,,,,,,,,,17994,,,,,1614,2002-01-14T10:37:30,Stat Jul-2000,2000-07-14T00:00:00,,5.0,,,,,,,,,,,,,,N,,,,30524,22,,,,,,2002-05-02T07:10:09,1246776,1567,103,,,JUL-00,,,,,,,,,,,,P,,,,,,,,,,,,,,,
AAA+dnAAOAAAvWpABA,false,2022-01-15 01:17:45.197000 UTC,,8.0,,,,,,,,,,,,,,,,,,,,,,,,17995,,,,,1614,2002-01-14T10:37:30,Stat Jul-2000,2000-07-14T00:00:00,,8.0,,,,,,,,,,,,,,N,,,,30524,23,,,,,,2002-05-02T07:10:09,1246776,1567,103,,,JUL-00,,,,,,,,,,,,P,,,,,,,,,,,,,,,
AAA+dnAAOAAAvXBAAd,false,2022-01-15 01:17:46.216000 UTC,0.0,22000.0,,,,,,,,,,,,,,,,,,,,,,,,23265,,,,,2190,2001-06-12T05:44:50,Attribuzione Prepagato STD INV IT ACQ STD-27 Numero fft12010 Del 12-JUN-01 Pervenuta fattura del professionista,2001-06-12T00:00:00,0.0,22000.0,,,,,,,,,,,,,,,,,,20856,15,,,,,,2001-06-12T05:46:10,,2190,187,,,06-01,"Gray, Donald",10421,21096,6,,fft12010,AP INVOICES,187,,33,,P,377.0,117.0,,,,,,,,,,,,,
AAA+dnAAOAAAvXBAAi,false,2022-01-15 01:17:46.216000 UTC,220000.0,0.0,,,,,,,,,,,,,,,,,,,,,,,,23351,,,,,2190,2001-06-12T05:44:51,NON VAT INV IT NO IVA-5 Numero pft12010 Del 12-JUN-01 Professionista con Cassa Nazionale,2001-06-12T00:00:00,220000.0,0.0,,,,,,,,,,,,,,,,,,20856,20,,,,,,2001-06-12T05:46:10,,2190,187,,,06-01,"Gray, Donald",10421,21094,5,,pft12010,AP INVOICES,187,,38,,P,377.0,113.0,,,,,,,,,,,,,
AAA+dnAAOAAAvXGABM,false,2022-01-15 01:17:46.293000 UTC,3.79,0.0,,,,,,,,,,,,,,,,,,,,,,,,135784,,,,,1001980,2008-01-22T17:32:24,Journal Import Created,2007-04-13T00:00:00,3.79,0.0,,,,,,,,,,,,,,,,,,4247280,78,,,,,,2008-01-22T17:35:43,,1001980,332,,,APR/07-07,782547,,5658,13-APR-07,13-APR-07,687057,,,,,,P,,,,,,,,,,,,,,,
AAA+dnAAOAAAvXQABY,false,2022-01-15 01:17:46.403000 UTC,,0.0,,,,,,,,,,,,,,,,,,,,,,,,19571,,,,,1567,2003-01-09T03:03:12,2001/04/29 P2 'PERIOD CLOSE BATCH',2001-04-29T00:00:00,,0.0,,WTA,,,,,,,,,,,,N,,,,57822,5,,,,,,2003-01-21T15:03:06,1934530,1567,103,,,APR-01,5244,,P2,,,,,,,,,P,,,,,,,,,,,,,,,
AAA+dnAAOAAAvXSAB7,false,2022-01-15 01:17:46.424000 UTC,,10678.14,,,,,,,,,,,,,,,,,,,,,,,,19316,,,,,1567,2004-01-22T02:15:42,Aircraft Engine Assembly,2003-10-30T00:00:00,,400000.0,73777.0,RSL,,,,,,,,,,,,,,,,102241,3,,,,,,2004-01-22T02:16:46,,1567,104,,,NOV-03,PO,,5250,5319,17543,98492,,,,,,P,,,,,,,,,,,,,,,
AAA+dnAAOAAAvXTAAC,false,2022-01-15 01:17:46.425000 UTC,21.25,,,,,,,,,,,,,,,,,,,,,,,,,19545,,,,,1567,2004-01-22T02:14:09,Press - Helm,2003-03-21T00:00:00,21.25,,45244.0,RSL,,,,,,,,,,,,,,,,102224,73,,,,,,2004-01-22T02:17:18,,1567,102,,,MAR-03,PO,,21761,44831,17736,61811,,,,,,P,,,,,,,,,,,,,,,
AAA+dnAAOAAAvXTAAF,false,2022-01-15 01:17:46.425000 UTC,30.0,,,,,,,,,,,,,,,,,,,,,,,,,19545,,,,,1567,2004-01-22T02:14:09,Bearing Cover,2003-03-21T00:00:00,30.0,,45222.0,RSL,,,,,,,,,,,,,,,,102224,76,,,,,,2004-01-22T02:17:18,,1567,102,,,MAR-03,PO,,21761,44833,17736,61789,,,,,,P,,,,,,,,,,,,,,,
AAA+dnAAOAAAvXsABI,false,2022-01-15 01:17:46.683000 UTC,378.32,0.0,,,,,,,,,,,,,,,,,,,,,,,,125945,,,,,1001877,2005-06-22T06:40:16,Journal Import Created,2004-10-01T00:00:00,378.32,0.0,,,,,,,,,,,,,,,,,,305387,57,,,,,,2007-01-23T09:37:00,,1001980,332,,,OCT/04-05,341608,,4616,01-OCT-04,01-OCT-04,330170,,,,,,P,,,,,,,,,,,,,,,
AAA+dnAAOAAAvXwAAT,false,2022-01-15 01:17:46.711000 UTC,3594.99,,,,,,,,,,,,,,,,,,,,,,,,,17802,,,,,1614,2002-01-14T10:40:48,Journal Feb-00,2000-02-16T00:00:00,137972.0,,,,,,,,,,,,,,,N,,,,30561,6,,,,,,2002-09-17T02:33:04,1246780,1567,104,,,FEB-00,,,,,,,,,,,,P,,,,,,,,,,,,,,,
AAA+dnAAOAAAvYeAB/,false,2022-01-15 01:17:47.218000 UTC,,512.8,,,,,,,,,,,,,,,,,,,,,,,,266821,,,,,1012657,2008-01-14T18:30:08,Journal to Record Deposit Maturity. ,2007-05-28T00:00:00,,512.8,,,,,,,,,,,,,,,,,,4172252,12,,,,,,2008-02-27T12:57:27,,1012657,42,,,May-07,,,,,,,,,,,,P,,,,,,,,,,,,,,,
AAA+dnAAOAAAvYpAAl,false,2022-01-15 01:17:47.378000 UTC,0.0,99.63,,,,,,,,,,,,,,,,,,,,,,,,135749,,,,,1001980,2007-01-24T07:54:38,Journal Import Created,2006-05-12T00:00:00,0.0,99.63,,,,,,,,,,,,,,,,,,3370546,43,,,,,,2007-01-24T07:57:09,,1001980,332,,,MAY/06-06,634050,,5728,12-MAY-06,12-MAY-06,633094,,,,,,P,,,,,,,,,,,,,,,
AAA+dnAAOAAAvYqAAI,false,2022-01-15 01:17:47.385000 UTC,1.97,0.0,,,,,,,,,,,,,,,,,,,,,,,,135788,,,,,1001980,2007-01-24T07:54:38,Journal Import Created,2006-04-14T00:00:00,1.97,0.0,,,,,,,,,,,,,,,,,,3370545,82,,,,,,2007-01-24T07:57:09,,1001980,332,,,APR/06-06,634048,,5738,14-APR-06,14-APR-06,633076,,,,,,P,,,,,,,,,,,,,,,
AAA+dnAAOAAAvYtABC,false,2022-01-15 01:17:47.433000 UTC,,7.99,,,,,,,,,,,,,,,,,,,,,,,,30394,,,,,1567,2003-01-21T14:55:27,Journal Import Created,2002-11-15T00:00:00,,320.0,,,,,,,,,,,,,,,,,,58859,15,,,,,,2003-01-21T15:03:06,,1567,103,,,NOV-02,19653-15-NOV-02-2077450,,30394,Cost,,,19653-15-NOV-02-2077450,,,,,P,,,,,,,,,,,,,,,
AAA+dnAAOAAAvaGAAW,false,2022-01-15 01:17:48.402000 UTC,14421205.0,,,,,,,,,,,,,,,,,,,,,,,,,108349,,,,,2049,2005-05-15T19:34:09,30-Jun-04,2004-06-30T00:00:00,14421205.0,,,,,,,,,,,,,,,,,,,198449,213,,,,,,2005-05-15T19:53:25,,2049,142,,,JUN-04,,,,,,,,,,,,P,,,,,,,,,,,,,,,
AAA+dnAAOAAAvadAC7,false,2022-01-15 01:17:48.685000 UTC,,2491.53,,,,,,,,,,,,,,,,,,,,,,,,152801,,,,,2209,2006-09-11T00:32:29,Beneficios Setembro 2006,2006-09-03T00:00:00,,6282.0,,,,,,,,,,,,,,N,,,,1728283,20,,,,,,2006-12-20T03:22:33,4106176,2209,954,,,Sep-06,,,,,,,,,,,,P,,,,,,,,,,,,,,,
AAA+dnAAOAAAvakAA+,false,2022-01-15 01:17:48.779000 UTC,1362200.0,,,,,,,,,,,,,,,,,,,,,,,,,115657,,,,,2050,2005-05-15T19:59:37,30-Apr-04,2004-04-30T00:00:00,1362200.0,,,,,,,,,,,,,,,,,,,198455,264,,,,,,2005-05-15T20:00:53,,2050,143,,,APR-04,,,,,,,,,,,,P,,,,,,,,,,,,,,,
AAA+dnAAOAAAva7AC0,false,2022-01-15 01:17:49.046000 UTC,63217.0,,,,,,,,,,,,,,,,,,,,,,,,,17846,,,,,1322,2002-11-05T11:42:20,Journal Import Created,2002-02-01T00:00:00,63217.0,,,,,,,,,,,,,,,,,,,53234,28,,,,,,2002-11-05T11:50:31,,1322,102,,,FEB-02,,,,,,,,,,,,P,,,,,,,,,,,,,,,
AAA+dnAAOAAAva7AC2,false,2022-01-15 01:17:49.046000 UTC,,55322.0,,,,,,,,,,,,,,,,,,,,,,,,17651,,,,,1322,2002-11-05T11:42:20,Journal Import Created,2002-02-01T00:00:00,,55322.0,,,,,,,,,,,,,,,,,,53234,30,,,,,,2002-11-05T11:50:31,,1322,102,,,FEB-02,,,,,,,,,,,,P,,,,,,,,,,,,,,,
AAA+dnAAOAAAvbJAAz,false,2022-01-15 01:17:49.994000 UTC,,1000000.0,,,,,,,,,,,,,,,,,,,,,,,,114880,,,,,2050,2003-10-28T23:31:48,Journal Import Created,2003-06-06T00:00:00,,1000000.0,240625.0,APECL,,,,,,,,,,,,,,,,92809,26,,,,,,2003-10-29T00:09:58,,2050,143,,,JUN-03,"Office Supplies, Inc.",CHARGE,58912,1,,AP6302,AP Invoices,143,,,,P,,,,,,,,,,,,,,,
AAA+dnAAOAAAvbWACG,false,2022-01-15 01:17:50.111000 UTC,,117970.75,,,,,,,,,,,,,,,,,,,,,,,,83405,,,,,1614,2002-08-07T15:40:31,Journal Import Created,2002-06-15T00:00:00,,4725000.0,121743.0,APECL,,,,,,,,,,,,,,,,42899,56,,,,,,2002-09-17T02:31:09,,1567,103,,,JUN-02,Building Management Inc.,CHARGE,32666,1,,20120602,AP Invoices,103,,,,P,,,,,,,,,,,,,,,
AAA+dnAAOAAAvbWACT,false,2022-01-15 01:17:50.112000 UTC,,32206.05,,,,,,,,,,,,,,,,,,,,,,,,83406,,,,,1614,2002-08-07T15:40:31,Journal Import Created,2002-07-13T00:00:00,,1289926.4,121771.0,APECL,,,,,,,,,,,,,,,,42905,24,,,,,,2002-09-17T02:31:09,,1567,103,,,JUL-02,"Office Supplies, Inc.",CHARGE,32675,1,,10080702,AP Invoices,103,,,,P,,,,,,,,,,,,,,,
AAA+dnAAOAAAvbXAAi,false,2022-01-15 01:17:50.115000 UTC,,163.41,,,,,,,,,,,,,,,,,,,,,,,,17724,,,,,1322,2002-11-06T06:39:26,Journal Import Created,2002-09-01T00:00:00,,6545.0,,,,,,,,,,,,,,N,,,,53375,5,,,,,,2003-01-08T08:02:25,1863291,1567,103,,,SEP-02,,,,,,,,,,,,P,,,,,,,,,,,,,,,
AAA+dnAAOAAAvbXADq,false,2022-01-15 01:17:50.125000 UTC,,79200.0,,,,,,,,,,,,,,,,,,,,,,,,115274,,,,,2049,2005-05-15T19:34:09,30-Apr-04,2004-04-30T00:00:00,,79200.0,,,,,,,,,,,,,,,,,,198448,453,,,,,,2005-05-15T19:52:55,,2049,142,,,APR-04,,,,,,,,,,,,P,,,,,,,,,,,,,,,
AAA+dnAAOAAAvcJAB/,false,2022-01-15 01:17:50.598000 UTC,,35138.54,,,,,,,,,,,,,,,,,,,,,,,,121580,,,,,1322,2005-04-27T07:16:53,Journal Import Created,2004-12-20T00:00:00,,27900.0,,,,,,,,,,,,,,N,,,,164979,14,,,,,,2005-04-27T07:16:53,3193417,1322,104,,,DEC-04,,,,,,,,,,,,U,,,,,,,,,,,,,,,
AAA+dnAAOAAAvcJACS,false,2022-01-15 01:17:50.599000 UTC,,377358.49,,,,,,,,,,,,,,,,,,,,,,,,17743,,,,,1322,2005-04-27T07:16:53,Journal Import Created,2005-02-20T00:00:00,,300000.0,,,,,,,,,,,,,,N,,,,164981,1,,,,,,2005-04-27T07:16:53,3193417,1322,104,,,FEB-05,,,,,,,,,,,,U,,,,,,,,,,,,,,,
AAA+dnAAOAAAvcgABA,false,2022-01-15 01:17:50.823000 UTC,,276000.0,,,,,,,,,,,,,,,,,,,,,,,,113777,,,,,2050,2003-10-28T23:12:49,30-JUN-2003,2003-06-30T00:00:00,,276000.0,,,,,,,,,,,,,,,,,,92800,41,,,,,,2003-10-28T23:23:52,,2050,143,,,JUN-03,,,,,,,,,,,,P,,,,,,,,,,,,,,,
AAA+dnAAOAAAvcgABE,false,2022-01-15 01:17:50.823000 UTC,,80300.0,,,,,,,,,,,,,,,,,,,,,,,,115329,,,,,2050,2003-10-28T23:12:49,30-JUN-2003,2003-06-30T00:00:00,,80300.0,,,,,,,,,,,,,,,,,,92800,45,,,,,,2003-10-28T23:23:52,,2050,143,,,JUN-03,,,,,,,,,,,,P,,,,,,,,,,,,,,,
AAA+dnAAOAAAvcnABu,false,2022-01-15 01:17:50.885000 UTC,52485.17,,,,,,,,,,,,,,,,,,,,,,,,,266795,,,,,1012657,2007-09-06T14:56:43,Journal to Record Investment Interest Receipt. Accrued Interest: 33333.33 ,2007-03-09T00:00:00,33333.33,,,,,,,,,,,,,,,,,,,3768368,10,,,,,,2007-12-27T18:56:50,,1012657,249,,,Mar-07,,,,,,,,,,,,P,,,,,,,,,,,,,,,
AAA+dnAAOAAAvcnAB0,false,2022-01-15 01:17:50.886000 UTC,,52485.17,,,,,,,,,,,,,,,,,,,,,,,,266796,,,,,1012657,2007-09-06T14:56:43,Journal to Record Investment Interest Receipt. Accrued Interest: 33333.33 ,2007-03-09T00:00:00,,33333.33,,,,,,,,,,,,,,,,,,3768368,16,,,,,,2007-12-27T18:56:50,,1012657,249,,,Mar-07,,,,,,,,,,,,P,,,,,,,,,,,,,,,
AAA+dnAAOAAAvcnAB3,false,2022-01-15 01:17:50.886000 UTC,15784915.76,,,,,,,,,,,,,,,,,,,,,,,,,266796,,,,,1012657,2007-09-06T14:56:43,Journal to Record Investment Purchase. Instrument Identification Number: 600001 Origination Date: 31-DEC-04 Purchase Price: ,2007-03-09T00:00:00,10025000.0,,,,,,,,,,,,,,,,,,,3768368,19,,,,,,2007-12-27T18:56:50,,1012657,249,,,Mar-07,,,,,,,,,,,,P,,,,,,,,,,,,,,,
AAA+dnAAOAAAveHAA6,false,2022-01-15 01:17:52.013000 UTC,,8.0,,,,,,,,,,,,,,,,,,,,,,,,17999,,,,,1614,2002-01-14T10:38:12,Stat Sep-2001,2001-09-14T00:00:00,,8.0,,,,,,,,,,,,,,N,,,,30538,19,,,,,,2002-05-01T15:05:21,1246777,1567,103,,,SEP-01,,,,,,,,,,,,P,,,,,,,,,,,,,,,
AAA+dnAAOAAAvevABu,false,2022-01-15 01:17:52.434000 UTC,312805219.28,,,,,,,,,,,,,,,,,,,,,,,,,25151,,,,,2653,2000-02-21T13:51:26,,1999-01-31T00:00:00,332456737.0,,,,,,,,,,,,,,,N,,,,11856,20,,,,,,2000-02-21T13:51:26,402917,2653,229,,,Jan-99,,,,,,,,,,,,U,,,,,,,,,,,,,,,
AAA+dnAAOAAAvevACL,false,2022-01-15 01:17:52.436000 UTC,,11738436.38,,,,,,,,,,,,,,,,,,,,,,,,25156,,,,,2653,2000-02-21T13:53:09,,1999-01-31T00:00:00,,12475886.0,,,,,,,,,,,,,,N,,,,11858,70,,,,,,2000-02-21T13:53:09,,2653,229,,,Jan-99,,,,,,,,,,,,U,,,,,,,,,,,,,,,
AAA+dnAAOAAAvexAA7,false,2022-01-15 01:17:52.451000 UTC,283.0,,,,,,,,,,,,,,,,,,,,,,,,,17852,,,,,1322,2005-04-27T07:15:18,Journal Import Created,2005-06-20T00:00:00,283.0,,,,,,,,,,,,,,,N,,,,164967,9,,,,,,2005-04-27T07:15:18,3193414,1322,104,,,JUN-05,,,,,,,,,,,,U,,,,,,,,,,,,,,,
AAA+dnAAOAAAvexABs,false,2022-01-15 01:17:52.454000 UTC,340050.38,,,,,,,,,,,,,,,,,,,,,,,,,82033,,,,,1322,2005-04-27T07:16:53,Journal Import Created,2004-07-20T00:00:00,270000.0,,,,,,,,,,,,,,,N,,,,164969,9,,,,,,2005-04-27T07:16:53,3193417,1322,104,,,JUL-04,,,,,,,,,,,,U,,,,,,,,,,,,,,,
AAA+dnAAOAAAvfMABd,false,2022-01-15 01:17:52.723000 UTC,,2112.24,,,,,,,,,,,,,,,,,,,,,,,,25783,,,,,1567,2003-01-09T03:00:36,2002/02/24 P2 'PERIOD CLOSE BATCH',2002-02-24T00:00:00,,2112.24,,MTA,,,,,,,,,,,,,,,,57814,11,,,,,,2003-01-09T03:03:13,,1567,102,,,FEB-02,5363,,P2,,,,,,,,,P,,,,,,,,,,,,,,,
AAA+dnAAOAAAvfMABj,false,2022-01-15 01:17:52.723000 UTC,,0.0,,,,,,,,,,,,,,,,,,,,,,,,42560,,,,,1567,2003-01-09T03:00:36,2001/04/29 P1 'PERIOD CLOSE BATCH',2001-04-29T00:00:00,,0.0,,WTA,,,,,,,,,,,,,,,,57815,6,,,,,,2003-01-09T03:03:13,,1567,102,,,APR-01,5232,,P1,,,,,,,,,P,,,,,,,,,,,,,,,
AAA+dnAAOAAAvfbACM,false,2022-01-15 01:17:52.857000 UTC,,21167339.0,,,,,,,,,,,,,,,,,,,,,,,,130732,,,,,1007117,2005-05-19T01:45:31,Journal Import Created,2003-07-31T00:00:00,,21167339.0,,,,,,,,,,,,,,,,,,207638,110,,,,,,2005-05-19T01:46:43,,1007117,567,,,JUL-03, , , , , , , , , , ,,P,,,,,,,,,,,,,,,
AAA+dnAAOAAAvfjACa,false,2022-01-15 01:17:52.951000 UTC,,126532000.0,,,,,,,,,,,,,,,,,,,,,,,,25745,,,,,2190,2000-03-09T09:24:55,Proventi finanziari,1999-01-31T00:00:00,,126532000.0,,,,,,,,,,,,,,,,,,12357,100,,,,,,2000-03-09T09:27:09,,2190,187,,,01-99,,,,,,,,,,,,P,,,,,,,,,,,,,,,
AAA+dnAAOAAAvf6AC1,false,2022-01-15 01:17:53.990000 UTC,,336.0,,,,,,,,,,,,,,,,,,,,,,,,19316,,,,,1567,2004-01-22T02:10:33,Fuel Pump,2003-11-21T00:00:00,,336.0,78699.0,RSL,,,,,,,,,,,,,,,,102206,94,,,,,,2004-01-22T02:11:10,,1567,103,,,NOV-03,PO,,31654,71751,17804,104123,,,,,,P,,,,,,,,,,,,,,,
AAA+dnAAOAAAvgIAAF,false,2022-01-15 01:17:54.105000 UTC,,25000.0,,,,,,,,,,,,,,,,,,,,,,,,113710,,,,,1004944,2003-10-06T03:26:10,Desc20,2003-02-12T00:00:00,,25000.0,,,,,,,,,,,,,,,,,,88746,5,,,,,,2003-10-06T03:27:13,,1004944,454,,,02-03,,,,,,,,,,,,P,,,,,,,,,,,,,,,
AAA+dnAAOAAAvgeABl,false,2022-01-15 01:17:54.333000 UTC,,101.84,,,,,,,,,,,,,,,,,,,,,,,,17918,,,,,1322,2002-11-05T12:39:55,Journal Import Created,2002-03-01T00:00:00,,3712.0,,,,,,,,,,,,,,N,,,,53240,90,,,,,,2003-01-23T00:21:12,1862246,1567,104,,,MAR-02,,,,,,,,,,,,P,,,,,,,,,,,,,,,
AAA+dnAAOAAAvghAA6,false,2022-01-15 01:17:54.353000 UTC,,36.0,,,,,,,,,,,,,,,,,,,,,,,,19316,,,,,1567,2004-01-22T02:14:09,Case,2003-11-19T00:00:00,,36.0,78027.0,RSL,,,,,,,,,,,,,,,,102217,21,,,,,,2004-01-22T02:17:18,,1567,102,,,NOV-03,PO,,31433,71358,17794,103431,,,,,,P,,,,,,,,,,,,,,,
AAA+dnAAOAAAvhbABJ,false,2022-01-15 01:17:54.951000 UTC,,30633.0,,,,,,,,,,,,,,,,,,,,,,,,21851,,,,,1567,2002-09-17T02:22:53,Receivable account for invoice P2 Dyn Eng #2.,2002-06-30T00:00:00,,30633.0,,,,,,,,,,,,,,,,,,45654,2,,,,,,2002-09-17T02:27:41,,1567,102,,,JUN-02,20892,RA_CUST_TRX_LINE_GL_DIST,69590,184605,P2 Dyn Eng #2,1086,CUSTOMER,1146,INV,INV_REC,,P,,,,,,,,,,,,,,,
AAA+dnAAOAAAvh0AAF,false,2022-01-15 01:17:55.213000 UTC,,3706428.8,,,,,,,,,,,,,,,,,,,,,,,,17737,,,,,1614,2002-10-02T11:44:30,Journal Import Created,2002-06-30T00:00:00,,3706428.8,135411.0,APECL,,,,,,,,,,,,,,,,47307,39,,,,,,2002-10-29T13:09:01,,1322,102,,,JUN-02,American Telephone and Telegraph,LIABILITY,32669,18777,5050,10050502,AP Payments,102,,27887,,P,,,,,,,,,,,,,,,
AAA+dnAAOAAAvh0ABg,false,2022-01-15 01:17:55.219000 UTC,,150000000.0,,,,,,,,,,,,,,,,,,,,,,,,42691,,,,,2190,2001-07-02T01:47:59,,2000-05-31T00:00:00,,150000000.0,,,,,,,,,,,,,,Y,,, ,22552,30,,,,,,2001-07-02T02:01:26,,2190,187,, ,05-00,,,,,,,,,,,,P,,, ,,,,,,,,,,,,
AAA+dnAAOAAAvh9ABW,false,2022-01-15 01:17:55.328000 UTC,,73854.0,,,,,,,,,,,,,,,,,,,,,,,,115260,,,,,2049,2003-10-28T22:53:37,30-JUN-2003,2003-06-30T00:00:00,,73854.0,,,,,,,,,,,,,,,,,,92788,434,,,,,,2003-10-28T23:07:46,,2049,142,,,JUN-03,,,,,,,,,,,,P,,,,,,,,,,,,,,,
AAA+dnAAOAAAvh9ADd,false,2022-01-15 01:17:55.336000 UTC,,264000.0,,,,,,,,,,,,,,,,,,,,,,,,108504,,,,,2049,2003-10-28T22:53:37,30-JUN-2003,2003-06-30T00:00:00,,264000.0,,,,,,,,,,,,,,,,,,92788,480,,,,,,2003-10-28T23:07:46,,2049,142,,,JUN-03,,,,,,,,,,,,P,,,,,,,,,,,,,,,
AAA+dnAAOAAAvinAB0,false,2022-01-15 01:17:55.797000 UTC,,833.33,,,,,,,,,,,,,,,,,,,,,,,,135649,,,,,1001406,2005-12-08T11:54:58,Journal Import Created,2005-04-30T00:00:00,,833.33,,,,,,,,,,,,,,,,,,588092,45,,,,,,2005-12-08T11:56:23,,1001406,853,,,APR-05/06,1303,             833.330000000000000,3514,83605,E,,B,289,APR-05/06,PTD,,P,,,,,,,,,,,,,,,
AAA+dnAAOAAAvixABL,false,2022-01-15 01:17:55.899000 UTC,,1138800.0,,,,,,,,,,,,,,,,,,,,,,,,84605,,,,,1614,2002-08-07T15:40:31,"18"" LCD Flat Panel Monitor",2002-05-23T00:00:00,,1138800.0,121481.0,APECL,,,,,,,,,,,,,,,,42901,53,,,,,,2002-08-09T09:16:13,,1322,102,,,MAY-02,Staples,CHARGE,27561,1,,ERS-5036-5359,AP Invoices,102,,,,P,,,,,,,,,,,,,,,
AAA+dnAAOAAAvi5AB4,false,2022-01-15 01:17:55.986000 UTC,0.0,6828.15,,,,,,,,,,,,,,,,,,,,,,,,135712,,,,,1001980,2007-01-23T09:35:48,Journal Import Created,2006-01-20T00:00:00,0.0,6828.15,,,,,,,,,,,,,,,,,,3365280,6,,,,,,2007-01-23T09:37:02,,1001980,332,,,JAN/06-06,632084,,5655,20-JAN-06,20-JAN-06,632064,,,,,,P,,,,,,,,,,,,,,,
AAA+dnAAOAAAvkmACR,false,2022-01-15 01:17:58.087000 UTC,41.38,0.0,,,,,,,,,,,,,,,,,,,,,,,,135743,,,,,1001980,2008-01-22T17:32:23,Journal Import Created,2007-02-02T00:00:00,41.38,0.0,,,,,,,,,,,,,,,,,,4247275,37,,,,,,2008-01-22T17:35:43,,1001980,332,,,FEB/07-07,782547,,5714,02-FEB-07,02-FEB-07,686899,,,,,,P,,,,,,,,,,,,,,,
AAA+dnAAOAAAvkqADF,false,2022-01-15 01:17:58.158000 UTC,27778.38,,,,,,,,,,,,,,,,,,,,,,,,,21307,,,,,1322,2002-08-08T15:09:39,Journal Nov-01,2001-11-16T00:00:00,1112588.0,,,,,,,,,,,,,,,N,,,,43133,39,,,,,,2002-09-17T02:31:09,1770399,1567,103,,,NOV-01,,,,,,,,,,,,P,,,,,,,,,,,,,,,
AAA+dnAAOAAAvkxABF,false,2022-01-15 01:17:58.223000 UTC,,2623.43,,,,,,,,,,,,,,,,,,,,,,,,19316,,,,,1567,2004-01-22T02:14:09,Ignition Plug,2003-11-19T00:00:00,,65.5,77899.0,RSL,,,,,,,,,,,,,,,,102218,28,,,,,,2004-01-22T02:17:18,,1567,102,,,NOV-03,PO,,31392,71245,17788,103303,,,,,,P,,,,,,,,,,,,,,,
AAA+dnAAOAAAvlZACi,false,2022-01-15 01:17:58.704000 UTC,0.0,5636.62,,,,,,,,,,,,,,,,,,,,,,,,135720,,,,,1001980,2007-01-24T07:54:38,Journal Import Created,2006-09-29T00:00:00,0.0,5636.62,,,,,,,,,,,,,,,,,,3370551,14,,,,,,2007-01-24T07:57:09,,1001980,332,,,SEP/06-06,634058,,5704,29-SEP-06,29-SEP-06,633170,,,,,,P,,,,,,,,,,,,,,,
AAA+dnAAOAAAvlfACp,false,2022-01-15 01:17:58.768000 UTC,,282144.33,,,,,,,,,,,,,,,,,,,,,,,,25034,,,,,2653,2000-02-18T10:51:16,,1999-07-31T00:00:00,,299876.0,,,,,,,,,,,,,,N,,,,11823,120,,,,,,2002-02-20T13:40:30,402779,1003154,230,,,Jul-99,,,,,,,,,,,,P,,,,,,,,,,,,,,,
AAA+dnAAOAAAvlrABq,false,2022-01-15 01:17:58.927000 UTC,,12386.88,,,,,,,,,,,,,,,,,,,,,,,,17815,,,,,1322,2002-08-08T15:08:35,Journal Sep-01,2001-09-16T00:00:00,,465712.0,,,,,,,,,,,,,,N,,,,43132,12,,,,,,2002-09-17T02:33:04,1770394,1567,104,,,SEP-01,,,,,,,,,,,,P,,,,,,,,,,,,,,,