ParentSystemId,SystemId,JOB_ID,BUSINESS_GROUP_ID,JOB_DEFINITION_ID,DATE_FROM,DATE_TO,NAME,REQUEST_ID,PROGRAM_APPLICATION_ID,PROGRAM_ID,PROGRAM_UPDATE_DATE,ATTRIBUTE_CATEGORY,ATTRIBUTE1,ATTRIBUTE2,ATTRIBUTE3,ATTRIBUTE4,ATTRIBUTE5,ATTRIBUTE6,ATTRIBUTE7,ATTRIBUTE8,ATTRIBUTE9,ATTRIBUTE10,ATTRIBUTE11,ATTRIBUTE12,ATTRIBUTE13,ATTRIBUTE14,ATTRIBUTE15,ATTRIBUTE16,ATTRIBUTE17,ATTRIBUTE18,ATTRIBUTE19,ATTRIBUTE20,LAST_UPDATE_DATE,LAST_UPDATED_BY,LAST_UPDATE_LOGIN,CREATED_BY,CREATION_DATE,JOB_INFORMATION_CATEGORY,JOB_INFORMATION1,JOB_INFORMATION2,JOB_INFORMATION3,JOB_INFORMATION4,JOB_INFORMATION5,JOB_INFORMATION6,JOB_INFORMATION7,JOB_INFORMATION8,JOB_INFORMATION9,JOB_INFORMATION10,JOB_INFORMATION11,JOB_INFORMATION12,JOB_INFORMATION13,JOB_INFORMATION14,JOB_INFORMATION15,JOB_INFORMATION16,JOB_INFORMATION17,JOB_INFORMATION18,JOB_INFORMATION19,JOB_INFORMATION20,OBJECT_VERSION_NUMBER,BENCHMARK_JOB_FLAG,BENCHMARK_JOB_ID,EMP_RIGHTS_FLAG,JOB_GROUP_ID,APPROVAL_AUTHORITY,COMMENTS,LoadBy,LoadDate,LoadProcess,CreateBy,CreateDate,CreateProcess,UpdateBy,UpdateDate,UpdateProcess,InactiveInd,InactiveDate,InactiveReason
76,2578,154,0,252,2002-09-29 00:00:00.000000 UTC,,AUS - REQUESTOR 5,,,,,,,,,,G&A,Non-Manager,,,,,,,,,,,,,,,2002-11-22 09:44:10.000000 UTC,1531,2521420,3513,2002-09-29 18:43:50.000000 UTC,US,,,,,,,,,,,,,,,,,,,,,2,false,,false,1,,,mwright,2022-01-28 14:27:21.878864 UTC,Corp_OracleEbs_BigQuery_PER_JOBS_Import,mwright,2022-01-28 14:27:21.878864 UTC,Corp_OracleEbs_BigQuery_PER_JOBS_Import,mwright,2022-01-28 14:27:21.878864 UTC,Corp_OracleEbs_BigQuery_PER_JOBS_Import,false,,
76,2578,1552,0,1620,2004-06-30 00:00:00.000000 UTC,,PERCEPTA CFO,,,,,,,,,,Exec,Chief Officer,7680,,,,,,,,,,,,,,2004-06-30 12:19:02.000000 UTC,5439,3919200,5439,2004-06-30 12:19:02.000000 UTC,US,,,,,,,,,,,,,,,,,,,,,1,false,,false,1,,,mwright,2022-01-28 14:27:21.878864 UTC,Corp_OracleEbs_BigQuery_PER_JOBS_Import,mwright,2022-01-28 14:27:21.878864 UTC,Corp_OracleEbs_BigQuery_PER_JOBS_Import,mwright,2022-01-28 14:27:21.878864 UTC,Corp_OracleEbs_BigQuery_PER_JOBS_Import,false,,
76,2578,1554,0,1621,2004-06-30 00:00:00.000000 UTC,,PERCEPTA CONTROLLER,,,,,,,,,,Exec,Vice-President 1,7680,,,,,,,,,,,,,,2004-06-30 12:20:13.000000 UTC,5439,3919200,5439,2004-06-30 12:20:13.000000 UTC,US,,,,,,,,,,,,,,,,,,,,,1,false,,false,1,,,mwright,2022-01-28 14:27:21.878864 UTC,Corp_OracleEbs_BigQuery_PER_JOBS_Import,mwright,2022-01-28 14:27:21.878864 UTC,Corp_OracleEbs_BigQuery_PER_JOBS_Import,mwright,2022-01-28 14:27:21.878864 UTC,Corp_OracleEbs_BigQuery_PER_JOBS_Import,false,,
76,2578,7,0,7,1999-02-01 00:00:00.000000 UTC,,BUYER,,,,,,,,,,G&A,Non-Manager,,,,,,,,,,,,,,,2002-12-17 15:07:32.000000 UTC,4150,2564716,1409,1999-02-18 07:33:02.000000 UTC,US,,,,,,,,,,,,,,,,,,,,,3,,,,1,,,mwright,2022-01-28 14:27:21.878864 UTC,Corp_OracleEbs_BigQuery_PER_JOBS_Import,mwright,2022-01-28 14:27:21.878864 UTC,Corp_OracleEbs_BigQuery_PER_JOBS_Import,mwright,2022-01-28 14:27:21.878864 UTC,Corp_OracleEbs_BigQuery_PER_JOBS_Import,false,,
76,2578,1596,0,1644,2003-08-09 00:00:00.000000 UTC,,1024\.BUYER,,,,,,,,,,G&A,Non-Manager,5010,,,,,,,,,,,,,,2004-08-09 10:02:07.000000 UTC,7803,4049517,7803,2004-08-09 10:02:07.000000 UTC,US,,,EX,,,,,,,,,,,,,,,,,,1,false,,false,1,,,mwright,2022-01-28 14:27:21.878864 UTC,Corp_OracleEbs_BigQuery_PER_JOBS_Import,mwright,2022-01-28 14:27:21.878864 UTC,Corp_OracleEbs_BigQuery_PER_JOBS_Import,mwright,2022-01-28 14:27:21.878864 UTC,Corp_OracleEbs_BigQuery_PER_JOBS_Import,false,,
76,2578,6049,0,4868,1951-01-01 00:00:00.000000 UTC,,IEXPENSE APPROVER,,,,,,,,,,G&A,Manager 1,0,,,,,,,,,,,,,,2005-10-07 13:50:13.000000 UTC,4155,6683765,4155,2005-10-07 13:50:13.000000 UTC,US,,,,,,,,,,,,,,,,,,,,,1,false,,false,1,,,mwright,2022-01-28 14:27:21.878864 UTC,Corp_OracleEbs_BigQuery_PER_JOBS_Import,mwright,2022-01-28 14:27:21.878864 UTC,Corp_OracleEbs_BigQuery_PER_JOBS_Import,mwright,2022-01-28 14:27:21.878864 UTC,Corp_OracleEbs_BigQuery_PER_JOBS_Import,false,,
76,2578,1240,0,1431,2003-09-30 00:00:00.000000 UTC,,AUS - VP IT - ASIA PAC,,,,,,,,,,G&A,Director 1,,,,,,,,,,,,,,,2003-11-16 20:56:29.000000 UTC,3823,3279222,3823,2003-11-16 20:56:29.000000 UTC,US,,,,,,,,,,,,,,,,,,,,,1,false,,false,1,,,mwright,2022-01-28 14:27:21.878864 UTC,Corp_OracleEbs_BigQuery_PER_JOBS_Import,mwright,2022-01-28 14:27:21.878864 UTC,Corp_OracleEbs_BigQuery_PER_JOBS_Import,mwright,2022-01-28 14:27:21.878864 UTC,Corp_OracleEbs_BigQuery_PER_JOBS_Import,false,,
76,2578,1242,0,1432,2003-09-30 00:00:00.000000 UTC,,AUS - VP HR - AU/NZ,,,,,,,,,,G&A,Director 1,,,,,,,,,,,,,,,2003-11-16 20:57:38.000000 UTC,3823,3279222,3823,2003-11-16 20:57:38.000000 UTC,US,,,,,,,,,,,,,,,,,,,,,1,false,,false,1,,,mwright,2022-01-28 14:27:21.878864 UTC,Corp_OracleEbs_BigQuery_PER_JOBS_Import,mwright,2022-01-28 14:27:21.878864 UTC,Corp_OracleEbs_BigQuery_PER_JOBS_Import,mwright,2022-01-28 14:27:21.878864 UTC,Corp_OracleEbs_BigQuery_PER_JOBS_Import,false,,
76,2578,1286,0,1462,2004-02-16 00:00:00.000000 UTC,,NZ - HR DIRECTOR  AU NZ 1500AUD,,,,,,,,,,G&A,Non-Manager,,,,,,,,,,,,,,,2004-02-16 17:12:57.000000 UTC,3864,3534454,3864,2004-02-16 17:12:57.000000 UTC,US,,,,,,,,,,,,,,,,,,,,,1,false,,false,1,,,mwright,2022-01-28 14:27:21.878864 UTC,Corp_OracleEbs_BigQuery_PER_JOBS_Import,mwright,2022-01-28 14:27:21.878864 UTC,Corp_OracleEbs_BigQuery_PER_JOBS_Import,mwright,2022-01-28 14:27:21.878864 UTC,Corp_OracleEbs_BigQuery_PER_JOBS_Import,false,,
76,2578,171,0,1440,2002-09-01 00:00:00.000000 UTC,,ESP DIRECTOR CUENTA - REQ 1000,,,,,,,,,,G&A,Manager 1,,,,,,,,,,,,,,,2004-01-20 11:06:02.000000 UTC,1531,3457152,3457,2002-10-29 14:46:07.000000 UTC,US,,,,,,,,,,,,,,,,,,,,,2,false,,false,1,,,mwright,2022-01-28 14:27:21.878864 UTC,Corp_OracleEbs_BigQuery_PER_JOBS_Import,mwright,2022-01-28 14:27:21.878864 UTC,Corp_OracleEbs_BigQuery_PER_JOBS_Import,mwright,2022-01-28 14:27:21.878864 UTC,Corp_OracleEbs_BigQuery_PER_JOBS_Import,false,,
76,2578,108,0,128,2001-09-25 00:00:00.000000 UTC,2002-11-25 00:00:00.000000 UTC,NEWGEN PROCUREMENT MANAGER,,,,,,,,,,G&A,Non-Manager,,,,,,,,,,,,,,,2002-11-25 14:38:50.000000 UTC,1531,2524804,2021,2001-09-25 14:32:50.000000 UTC,US,,,,,,,,,,,,,,,,,,,,,2,false,,false,1,,,mwright,2022-01-28 14:27:21.878864 UTC,Corp_OracleEbs_BigQuery_PER_JOBS_Import,mwright,2022-01-28 14:27:21.878864 UTC,Corp_OracleEbs_BigQuery_PER_JOBS_Import,mwright,2022-01-28 14:27:21.878864 UTC,Corp_OracleEbs_BigQuery_PER_JOBS_Import,false,,
76,2578,4,0,1024,1999-02-18 00:00:00.000000 UTC,,AUS - VICE PRESIDENT 5000,,,,,,,,,,Exec,Vice-President 1,,,,,,,,,,,,,,,2002-11-25 14:43:29.000000 UTC,1531,2524804,1409,1999-02-18 07:32:27.000000 UTC,US,,,,,,,,,,,,,,,,,,,,,3,,,,1,,,mwright,2022-01-28 14:27:21.878864 UTC,Corp_OracleEbs_BigQuery_PER_JOBS_Import,mwright,2022-01-28 14:27:21.878864 UTC,Corp_OracleEbs_BigQuery_PER_JOBS_Import,mwright,2022-01-28 14:27:21.878864 UTC,Corp_OracleEbs_BigQuery_PER_JOBS_Import,false,,
76,2578,68,0,87,2000-10-04 00:00:00.000000 UTC,2002-11-25 00:00:00.000000 UTC,CDA BUYER,,,,,,,,,,G&A,Non-Manager,,,,,,,,,,,,,,,2002-11-25 14:47:15.000000 UTC,1531,2524804,1409,2000-10-04 08:17:12.000000 UTC,US,,,,,,,,,,,,,,,,,,,,,3,,,,1,,,mwright,2022-01-28 14:27:21.878864 UTC,Corp_OracleEbs_BigQuery_PER_JOBS_Import,mwright,2022-01-28 14:27:21.878864 UTC,Corp_OracleEbs_BigQuery_PER_JOBS_Import,mwright,2022-01-28 14:27:21.878864 UTC,Corp_OracleEbs_BigQuery_PER_JOBS_Import,false,,
76,2578,3,0,3,1999-02-18 00:00:00.000000 UTC,,DIRECTOR,,,,,,,,,,G&A,Non-Manager,,,,,,,,,,,,,,,2002-11-25 14:49:10.000000 UTC,1531,2524804,1409,1999-02-18 07:32:17.000000 UTC,US,,,,,,,,,,,,,,,,,,,,,4,,,,1,,,mwright,2022-01-28 14:27:21.878864 UTC,Corp_OracleEbs_BigQuery_PER_JOBS_Import,mwright,2022-01-28 14:27:21.878864 UTC,Corp_OracleEbs_BigQuery_PER_JOBS_Import,mwright,2022-01-28 14:27:21.878864 UTC,Corp_OracleEbs_BigQuery_PER_JOBS_Import,false,,
76,2578,153,0,1019,2002-09-29 00:00:00.000000 UTC,,AUS - REQUESTOR 10,,,,,,,,,,G&A,Non-Manager,,,,,,,,,,,,,,,2002-11-25 14:23:58.000000 UTC,1531,2524804,3513,2002-09-29 18:43:31.000000 UTC,US,,,,,,,,,,,,,,,,,,,,,2,false,,false,1,,,mwright,2022-01-28 14:27:21.878864 UTC,Corp_OracleEbs_BigQuery_PER_JOBS_Import,mwright,2022-01-28 14:27:21.878864 UTC,Corp_OracleEbs_BigQuery_PER_JOBS_Import,mwright,2022-01-28 14:27:21.878864 UTC,Corp_OracleEbs_BigQuery_PER_JOBS_Import,false,,
76,2578,152,0,1021,2002-09-29 00:00:00.000000 UTC,,AUS - OPS/DEPT MANAGER 500,,,,,,,,,,G&A,Manager 1,,,,,,,,,,,,,,,2002-11-25 14:39:36.000000 UTC,1531,2524804,3513,2002-09-29 18:43:06.000000 UTC,US,,,,,,,,,,,,,,,,,,,,,2,false,,false,1,,,mwright,2022-01-28 14:27:21.878864 UTC,Corp_OracleEbs_BigQuery_PER_JOBS_Import,mwright,2022-01-28 14:27:21.878864 UTC,Corp_OracleEbs_BigQuery_PER_JOBS_Import,mwright,2022-01-28 14:27:21.878864 UTC,Corp_OracleEbs_BigQuery_PER_JOBS_Import,false,,
76,2578,151,0,1020,2002-09-29 00:00:00.000000 UTC,,AUS - DEPT DIRECTOR 1500,,,,,,,,,,G&A,Director 1,,,,,,,,,,,,,,,2002-11-25 14:37:37.000000 UTC,1531,2524804,3513,2002-09-29 18:42:32.000000 UTC,US,,,,,,,,,,,,,,,,,,,,,2,false,,false,1,,,mwright,2022-01-28 14:27:21.878864 UTC,Corp_OracleEbs_BigQuery_PER_JOBS_Import,mwright,2022-01-28 14:27:21.878864 UTC,Corp_OracleEbs_BigQuery_PER_JOBS_Import,mwright,2022-01-28 14:27:21.878864 UTC,Corp_OracleEbs_BigQuery_PER_JOBS_Import,false,,
76,2578,67,0,88,2000-10-04 00:00:00.000000 UTC,2002-11-25 00:00:00.000000 UTC,CDA VICE PRES,,,,,,,,,,G&A,Non-Manager,,,,,,,,,,,,,,,2002-11-25 14:47:28.000000 UTC,1531,2524804,1409,2000-10-04 08:15:09.000000 UTC,US,,,,,,,,,,,,,,,,,,,,,4,,,,1,,,mwright,2022-01-28 14:27:21.878864 UTC,Corp_OracleEbs_BigQuery_PER_JOBS_Import,mwright,2022-01-28 14:27:21.878864 UTC,Corp_OracleEbs_BigQuery_PER_JOBS_Import,mwright,2022-01-28 14:27:21.878864 UTC,Corp_OracleEbs_BigQuery_PER_JOBS_Import,false,,
76,2578,107,0,127,2001-09-25 00:00:00.000000 UTC,2002-11-25 00:00:00.000000 UTC,NEWGEN BUYER,,,,,,,,,,G&A,Non-Manager,,,,,,,,,,,,,,,2002-11-25 14:38:34.000000 UTC,1531,2524804,2021,2001-09-25 14:32:25.000000 UTC,US,,,,,,,,,,,,,,,,,,,,,2,false,,false,1,,,mwright,2022-01-28 14:27:21.878864 UTC,Corp_OracleEbs_BigQuery_PER_JOBS_Import,mwright,2022-01-28 14:27:21.878864 UTC,Corp_OracleEbs_BigQuery_PER_JOBS_Import,mwright,2022-01-28 14:27:21.878864 UTC,Corp_OracleEbs_BigQuery_PER_JOBS_Import,false,,
76,2578,87,0,107,2001-07-04 00:00:00.000000 UTC,2002-11-25 00:00:00.000000 UTC,UK BUYER,,,,,,,,,,G&A,Non-Manager,,,,,,,,,,,,,,,2002-11-25 14:50:08.000000 UTC,1531,2524804,2022,2001-07-04 03:13:52.000000 UTC,US,,,,,,,,,,,,,,,,,,,,,3,,,,1,,,mwright,2022-01-28 14:27:21.878864 UTC,Corp_OracleEbs_BigQuery_PER_JOBS_Import,mwright,2022-01-28 14:27:21.878864 UTC,Corp_OracleEbs_BigQuery_PER_JOBS_Import,mwright,2022-01-28 14:27:21.878864 UTC,Corp_OracleEbs_BigQuery_PER_JOBS_Import,false,,
76,2578,6,0,6,1999-02-18 00:00:00.000000 UTC,2002-11-25 00:00:00.000000 UTC,PROCUREMENT DIRECTOR,,,,,,,,,,G&A,Non-Manager,,,,,,,,,,,,,,,2002-11-25 14:49:46.000000 UTC,1531,2524804,1409,1999-02-18 07:32:50.000000 UTC,US,,,,,,,,,,,,,,,,,,,,,3,,,,1,,,mwright,2022-01-28 14:27:21.878864 UTC,Corp_OracleEbs_BigQuery_PER_JOBS_Import,mwright,2022-01-28 14:27:21.878864 UTC,Corp_OracleEbs_BigQuery_PER_JOBS_Import,mwright,2022-01-28 14:27:21.878864 UTC,Corp_OracleEbs_BigQuery_PER_JOBS_Import,false,,
76,2578,2,0,2,1999-02-18 00:00:00.000000 UTC,,MANAGER,,,,,,,,,,G&A,Non-Manager,,,,,,,,,,,,,,,2002-11-25 14:49:22.000000 UTC,1531,2524804,1409,1999-02-18 07:32:07.000000 UTC,US,,,,,,,,,,,,,,,,,,,,,4,,,,1,,,mwright,2022-01-28 14:27:21.878864 UTC,Corp_OracleEbs_BigQuery_PER_JOBS_Import,mwright,2022-01-28 14:27:21.878864 UTC,Corp_OracleEbs_BigQuery_PER_JOBS_Import,mwright,2022-01-28 14:27:21.878864 UTC,Corp_OracleEbs_BigQuery_PER_JOBS_Import,false,,
76,2578,155,0,1025,2002-09-29 00:00:00.000000 UTC,,AUS - REQUESTOR 0,,,,,,,,,,G&A,Non-Manager,,,,,,,,,,,,,,,2002-11-25 14:56:10.000000 UTC,1531,2524804,3513,2002-09-29 18:44:34.000000 UTC,US,,,,,,,,,,,,,,,,,,,,,2,false,,false,1,,,mwright,2022-01-28 14:27:21.878864 UTC,Corp_OracleEbs_BigQuery_PER_JOBS_Import,mwright,2022-01-28 14:27:21.878864 UTC,Corp_OracleEbs_BigQuery_PER_JOBS_Import,mwright,2022-01-28 14:27:21.878864 UTC,Corp_OracleEbs_BigQuery_PER_JOBS_Import,false,,
76,2578,22,0,22,2000-01-01 00:00:00.000000 UTC,2002-11-25 00:00:00.000000 UTC,PROCUREMENT ANALYST,,,,,,,,,,G&A,Non-Manager,,,,,,,,,,,,,,,2002-11-25 14:40:22.000000 UTC,1531,2524804,2020,2000-01-31 13:38:46.000000 UTC,US,,,,,,,,,,,,,,,,,,,,,3,,,,1,,,mwright,2022-01-28 14:27:21.878864 UTC,Corp_OracleEbs_BigQuery_PER_JOBS_Import,mwright,2022-01-28 14:27:21.878864 UTC,Corp_OracleEbs_BigQuery_PER_JOBS_Import,mwright,2022-01-28 14:27:21.878864 UTC,Corp_OracleEbs_BigQuery_PER_JOBS_Import,false,,
76,2578,21,0,21,2000-01-01 00:00:00.000000 UTC,2002-11-25 00:00:00.000000 UTC,ANALYST,,,,,,,,,,G&A,Non-Manager,,,,,,,,,,,,,,,2002-11-25 14:46:49.000000 UTC,1531,2524804,2020,2000-01-31 13:36:57.000000 UTC,US,,,,,,,,,,,,,,,,,,,,,3,,,,1,,,mwright,2022-01-28 14:27:21.878864 UTC,Corp_OracleEbs_BigQuery_PER_JOBS_Import,mwright,2022-01-28 14:27:21.878864 UTC,Corp_OracleEbs_BigQuery_PER_JOBS_Import,mwright,2022-01-28 14:27:21.878864 UTC,Corp_OracleEbs_BigQuery_PER_JOBS_Import,false,,
76,2578,127,0,149,2001-12-11 00:00:00.000000 UTC,,BUYER ASSISTANT,,,,,,,,,,,,,,,,,,,,,,,,,,2001-12-11 15:40:31.000000 UTC,1531,1987466,1531,2001-12-11 15:39:11.000000 UTC,US,,,,,,,,,,,,,,,,,,,,,2,false,,false,1,,,mwright,2022-01-28 14:27:21.878864 UTC,Corp_OracleEbs_BigQuery_PER_JOBS_Import,mwright,2022-01-28 14:27:21.878864 UTC,Corp_OracleEbs_BigQuery_PER_JOBS_Import,mwright,2022-01-28 14:27:21.878864 UTC,Corp_OracleEbs_BigQuery_PER_JOBS_Import,false,,
76,2578,175,0,217,2002-09-01 00:00:00.000000 UTC,,ESP DIRECTOR,,,,,,,,,,,,,,,,,,,,,,,,,,2002-10-29 15:04:40.000000 UTC,3457,2479754,3457,2002-10-29 15:04:40.000000 UTC,US,,,,,,,,,,,,,,,,,,,,,1,false,,false,1,,,mwright,2022-01-28 14:27:21.878864 UTC,Corp_OracleEbs_BigQuery_PER_JOBS_Import,mwright,2022-01-28 14:27:21.878864 UTC,Corp_OracleEbs_BigQuery_PER_JOBS_Import,mwright,2022-01-28 14:27:21.878864 UTC,Corp_OracleEbs_BigQuery_PER_JOBS_Import,false,,
76,2578,174,0,216,2002-09-01 00:00:00.000000 UTC,,ESP OFFICER-REQ,,,,,,,,,,,,,,,,,,,,,,,,,,2002-10-29 14:47:05.000000 UTC,3457,2479754,3457,2002-10-29 14:47:05.000000 UTC,US,,,,,,,,,,,,,,,,,,,,,1,false,,false,1,,,mwright,2022-01-28 14:27:21.878864 UTC,Corp_OracleEbs_BigQuery_PER_JOBS_Import,mwright,2022-01-28 14:27:21.878864 UTC,Corp_OracleEbs_BigQuery_PER_JOBS_Import,mwright,2022-01-28 14:27:21.878864 UTC,Corp_OracleEbs_BigQuery_PER_JOBS_Import,false,,
76,2578,172,0,214,2002-09-01 00:00:00.000000 UTC,,ESP DIRECTOR-REQ,,,,,,,,,,,,,,,,,,,,,,,,,,2002-10-29 14:46:24.000000 UTC,3457,2479754,3457,2002-10-29 14:46:24.000000 UTC,US,,,,,,,,,,,,,,,,,,,,,1,false,,false,1,,,mwright,2022-01-28 14:27:21.878864 UTC,Corp_OracleEbs_BigQuery_PER_JOBS_Import,mwright,2022-01-28 14:27:21.878864 UTC,Corp_OracleEbs_BigQuery_PER_JOBS_Import,mwright,2022-01-28 14:27:21.878864 UTC,Corp_OracleEbs_BigQuery_PER_JOBS_Import,false,,
76,2578,170,0,212,2002-09-01 00:00:00.000000 UTC,,ESP COMPRADOR2,,,,,,,,,,,,,,,,,,,,,,,,,,2002-10-29 14:45:44.000000 UTC,3457,2479754,3457,2002-10-29 14:45:44.000000 UTC,US,,,,,,,,,,,,,,,,,,,,,1,false,,false,1,,,mwright,2022-01-28 14:27:21.878864 UTC,Corp_OracleEbs_BigQuery_PER_JOBS_Import,mwright,2022-01-28 14:27:21.878864 UTC,Corp_OracleEbs_BigQuery_PER_JOBS_Import,mwright,2022-01-28 14:27:21.878864 UTC,Corp_OracleEbs_BigQuery_PER_JOBS_Import,false,,
76,2578,176,0,218,2002-09-01 00:00:00.000000 UTC,,ESP OFFICER,,,,,,,,,,,,,,,,,,,,,,,,,,2002-10-29 15:04:58.000000 UTC,3457,2479754,3457,2002-10-29 15:04:58.000000 UTC,US,,,,,,,,,,,,,,,,,,,,,1,false,,false,1,,,mwright,2022-01-28 14:27:21.878864 UTC,Corp_OracleEbs_BigQuery_PER_JOBS_Import,mwright,2022-01-28 14:27:21.878864 UTC,Corp_OracleEbs_BigQuery_PER_JOBS_Import,mwright,2022-01-28 14:27:21.878864 UTC,Corp_OracleEbs_BigQuery_PER_JOBS_Import,false,,
76,2578,173,0,215,2002-09-01 00:00:00.000000 UTC,,ESP OFFICER-PO,,,,,,,,,,,,,,,,,,,,,,,,,,2002-10-29 14:46:47.000000 UTC,3457,2479754,3457,2002-10-29 14:46:47.000000 UTC,US,,,,,,,,,,,,,,,,,,,,,1,false,,false,1,,,mwright,2022-01-28 14:27:21.878864 UTC,Corp_OracleEbs_BigQuery_PER_JOBS_Import,mwright,2022-01-28 14:27:21.878864 UTC,Corp_OracleEbs_BigQuery_PER_JOBS_Import,mwright,2022-01-28 14:27:21.878864 UTC,Corp_OracleEbs_BigQuery_PER_JOBS_Import,false,,
76,2578,169,0,211,2002-09-01 00:00:00.000000 UTC,,ESP COMPRADOR,,,,,,,,,,,,,,,,,,,,,,,,,,2002-10-29 14:45:22.000000 UTC,3457,2479754,3457,2002-10-29 14:45:22.000000 UTC,US,,,,,,,,,,,,,,,,,,,,,1,false,,false,1,,,mwright,2022-01-28 14:27:21.878864 UTC,Corp_OracleEbs_BigQuery_PER_JOBS_Import,mwright,2022-01-28 14:27:21.878864 UTC,Corp_OracleEbs_BigQuery_PER_JOBS_Import,mwright,2022-01-28 14:27:21.878864 UTC,Corp_OracleEbs_BigQuery_PER_JOBS_Import,false,,
76,2578,1734,0,1715,2004-09-09 00:00:00.000000 UTC,,SGP - FINANCE MANAGER 8000 AUD,,,,,,,,,,G&A,Manager 1,-,,,,,,,,,,,,,,2004-09-09 12:06:22.000000 UTC,21574,4154771,21574,2004-09-09 12:06:22.000000 UTC,US,,,,,,,,,,,,,,,,,,,,,1,false,,false,1,,,mwright,2022-01-28 14:27:21.878864 UTC,Corp_OracleEbs_BigQuery_PER_JOBS_Import,mwright,2022-01-28 14:27:21.878864 UTC,Corp_OracleEbs_BigQuery_PER_JOBS_Import,mwright,2022-01-28 14:27:21.878864 UTC,Corp_OracleEbs_BigQuery_PER_JOBS_Import,false,,
76,2578,1340,0,1509,2004-01-01 00:00:00.000000 UTC,,MAL - DEPT DIRECTOR,,,,,,,,,,G&A,Non-Manager,,,,,,,,,,,,,,,2004-02-29 20:59:39.000000 UTC,3823,3567018,3823,2004-02-29 20:59:39.000000 UTC,US,,,,,,,,,,,,,,,,,,,,,1,false,,false,1,,,mwright,2022-01-28 14:27:21.878864 UTC,Corp_OracleEbs_BigQuery_PER_JOBS_Import,mwright,2022-01-28 14:27:21.878864 UTC,Corp_OracleEbs_BigQuery_PER_JOBS_Import,mwright,2022-01-28 14:27:21.878864 UTC,Corp_OracleEbs_BigQuery_PER_JOBS_Import,false,,
76,2578,1326,0,1502,2004-01-01 00:00:00.000000 UTC,,MAL - REQUESTOR,,,,,,,,,,G&A,Non-Manager,,,,,,,,,,,,,,,2004-02-29 20:25:16.000000 UTC,3823,3567018,3823,2004-02-29 20:25:16.000000 UTC,US,,,,,,,,,,,,,,,,,,,,,1,false,,false,1,,,mwright,2022-01-28 14:27:21.878864 UTC,Corp_OracleEbs_BigQuery_PER_JOBS_Import,mwright,2022-01-28 14:27:21.878864 UTC,Corp_OracleEbs_BigQuery_PER_JOBS_Import,mwright,2022-01-28 14:27:21.878864 UTC,Corp_OracleEbs_BigQuery_PER_JOBS_Import,false,,
76,2578,1332,0,1505,2004-01-01 00:00:00.000000 UTC,,SGP - MD SOUTH ASIA,,,,,,,,,,G&A,Non-Manager,,,,,,,,,,,,,,,2004-02-29 20:29:36.000000 UTC,3823,3567018,3823,2004-02-29 20:29:36.000000 UTC,US,,,,,,,,,,,,,,,,,,,,,1,false,,false,1,,,mwright,2022-01-28 14:27:21.878864 UTC,Corp_OracleEbs_BigQuery_PER_JOBS_Import,mwright,2022-01-28 14:27:21.878864 UTC,Corp_OracleEbs_BigQuery_PER_JOBS_Import,mwright,2022-01-28 14:27:21.878864 UTC,Corp_OracleEbs_BigQuery_PER_JOBS_Import,false,,
76,2578,1338,0,1508,2004-01-01 00:00:00.000000 UTC,,SGP - DEPT DIRECTOR,,,,,,,,,,G&A,Non-Manager,,,,,,,,,,,,,,,2004-02-29 20:32:09.000000 UTC,3823,3567018,3823,2004-02-29 20:32:09.000000 UTC,US,,,,,,,,,,,,,,,,,,,,,1,false,,false,1,,,mwright,2022-01-28 14:27:21.878864 UTC,Corp_OracleEbs_BigQuery_PER_JOBS_Import,mwright,2022-01-28 14:27:21.878864 UTC,Corp_OracleEbs_BigQuery_PER_JOBS_Import,mwright,2022-01-28 14:27:21.878864 UTC,Corp_OracleEbs_BigQuery_PER_JOBS_Import,false,,
76,2578,1328,0,1503,2004-01-01 00:00:00.000000 UTC,,MAL - OPS MANAGER,,,,,,,,,,G&A,Non-Manager,,,,,,,,,,,,,,,2004-02-29 20:25:51.000000 UTC,3823,3567018,3823,2004-02-29 20:25:51.000000 UTC,US,,,,,,,,,,,,,,,,,,,,,1,false,,false,1,,,mwright,2022-01-28 14:27:21.878864 UTC,Corp_OracleEbs_BigQuery_PER_JOBS_Import,mwright,2022-01-28 14:27:21.878864 UTC,Corp_OracleEbs_BigQuery_PER_JOBS_Import,mwright,2022-01-28 14:27:21.878864 UTC,Corp_OracleEbs_BigQuery_PER_JOBS_Import,false,,
76,2578,1334,0,1506,2004-01-01 00:00:00.000000 UTC,,SGP - REQUESTOR,,,,,,,,,,G&A,Non-Manager,,,,,,,,,,,,,,,2004-02-29 20:30:30.000000 UTC,3823,3567018,3823,2004-02-29 20:30:30.000000 UTC,US,,,,,,,,,,,,,,,,,,,,,1,false,,false,1,,,mwright,2022-01-28 14:27:21.878864 UTC,Corp_OracleEbs_BigQuery_PER_JOBS_Import,mwright,2022-01-28 14:27:21.878864 UTC,Corp_OracleEbs_BigQuery_PER_JOBS_Import,mwright,2022-01-28 14:27:21.878864 UTC,Corp_OracleEbs_BigQuery_PER_JOBS_Import,false,,
76,2578,1336,0,1507,2004-01-01 00:00:00.000000 UTC,,SGP - OPS MANAGER,,,,,,,,,,G&A,Non-Manager,,,,,,,,,,,,,,,2004-02-29 20:31:14.000000 UTC,3823,3567018,3823,2004-02-29 20:31:14.000000 UTC,US,,,,,,,,,,,,,,,,,,,,,1,false,,false,1,,,mwright,2022-01-28 14:27:21.878864 UTC,Corp_OracleEbs_BigQuery_PER_JOBS_Import,mwright,2022-01-28 14:27:21.878864 UTC,Corp_OracleEbs_BigQuery_PER_JOBS_Import,mwright,2022-01-28 14:27:21.878864 UTC,Corp_OracleEbs_BigQuery_PER_JOBS_Import,false,,
76,2578,1236,0,1456,2003-09-30 00:00:00.000000 UTC,,NZ - CTO 1500AUD,,,,,,,,,,G&A,Director 1,,,,,,,,,,,,,,,2004-02-03 21:17:35.000000 UTC,3864,3497139,3823,2003-11-16 20:54:42.000000 UTC,US,,,,,,,,,,,,,,,,,,,,,2,false,,false,1,,,mwright,2022-01-28 14:27:21.878864 UTC,Corp_OracleEbs_BigQuery_PER_JOBS_Import,mwright,2022-01-28 14:27:21.878864 UTC,Corp_OracleEbs_BigQuery_PER_JOBS_Import,mwright,2022-01-28 14:27:21.878864 UTC,Corp_OracleEbs_BigQuery_PER_JOBS_Import,false,,
76,2578,1230,0,1460,2003-09-30 00:00:00.000000 UTC,,NZ - REQUESTOR OAUD,,,,,,,,,,G&A,Non-Manager,,,,,,,,,,,,,,,2004-02-03 21:17:36.000000 UTC,3864,3497139,3823,2003-11-16 20:47:08.000000 UTC,US,,,,,,,,,,,,,,,,,,,,,2,false,,false,1,,,mwright,2022-01-28 14:27:21.878864 UTC,Corp_OracleEbs_BigQuery_PER_JOBS_Import,mwright,2022-01-28 14:27:21.878864 UTC,Corp_OracleEbs_BigQuery_PER_JOBS_Import,mwright,2022-01-28 14:27:21.878864 UTC,Corp_OracleEbs_BigQuery_PER_JOBS_Import,false,,
76,2578,1238,0,1458,2003-09-30 00:00:00.000000 UTC,,NZ - FINANCE MANAGER 8000AUD,,,,,,,,,,G&A,Director 1,,,,,,,,,,,,,,,2004-02-03 21:17:36.000000 UTC,3864,3497139,3823,2003-11-16 20:55:29.000000 UTC,US,,,,,,,,,,,,,,,,,,,,,2,false,,false,1,,,mwright,2022-01-28 14:27:21.878864 UTC,Corp_OracleEbs_BigQuery_PER_JOBS_Import,mwright,2022-01-28 14:27:21.878864 UTC,Corp_OracleEbs_BigQuery_PER_JOBS_Import,mwright,2022-01-28 14:27:21.878864 UTC,Corp_OracleEbs_BigQuery_PER_JOBS_Import,false,,
76,2578,1232,0,1459,2003-09-30 00:00:00.000000 UTC,,NZ - OPS MANAGER 500AUD,,,,,,,,,,G&A,Non-Manager,,,,,,,,,,,,,,,2004-02-03 21:17:36.000000 UTC,3864,3497139,3823,2003-11-16 20:49:44.000000 UTC,US,,,,,,,,,,,,,,,,,,,,,2,false,,false,1,,,mwright,2022-01-28 14:27:21.878864 UTC,Corp_OracleEbs_BigQuery_PER_JOBS_Import,mwright,2022-01-28 14:27:21.878864 UTC,Corp_OracleEbs_BigQuery_PER_JOBS_Import,mwright,2022-01-28 14:27:21.878864 UTC,Corp_OracleEbs_BigQuery_PER_JOBS_Import,false,,
76,2578,1234,0,1457,2003-09-30 00:00:00.000000 UTC,,NZ - DEPT DIRECTOR 1500AUD,,,,,,,,,,G&A,Director 1,,,,,,,,,,,,,,,2004-02-03 21:17:36.000000 UTC,3864,3497139,3823,2003-11-16 20:53:54.000000 UTC,US,,,,,,,,,,,,,,,,,,,,,3,false,,false,1,,,mwright,2022-01-28 14:27:21.878864 UTC,Corp_OracleEbs_BigQuery_PER_JOBS_Import,mwright,2022-01-28 14:27:21.878864 UTC,Corp_OracleEbs_BigQuery_PER_JOBS_Import,mwright,2022-01-28 14:27:21.878864 UTC,Corp_OracleEbs_BigQuery_PER_JOBS_Import,false,,
76,2578,1244,0,1455,2003-09-30 00:00:00.000000 UTC,,NZ - COO 10000AUD,,,,,,,,,,G&A,Director 1,,,,,,,,,,,,,,,2004-02-03 21:17:35.000000 UTC,3864,3497139,3823,2003-11-16 20:57:38.000000 UTC,US,,,,,,,,,,,,,,,,,,,,,2,false,,false,1,,,mwright,2022-01-28 14:27:21.878864 UTC,Corp_OracleEbs_BigQuery_PER_JOBS_Import,mwright,2022-01-28 14:27:21.878864 UTC,Corp_OracleEbs_BigQuery_PER_JOBS_Import,mwright,2022-01-28 14:27:21.878864 UTC,Corp_OracleEbs_BigQuery_PER_JOBS_Import,false,,
76,2578,1226,0,1423,2003-11-13 00:00:00.000000 UTC,,AUS - FINANCE MANAGER 8000,,,,,,,,,,G&A,Manager 1,,,,,,,,,,,,,,,2003-11-13 10:38:11.000000 UTC,1531,3264955,1531,2003-11-13 10:38:11.000000 UTC,US,,,,,,,,,,,,,,,,,,,,,1,false,,false,1,,,mwright,2022-01-28 14:27:21.878864 UTC,Corp_OracleEbs_BigQuery_PER_JOBS_Import,mwright,2022-01-28 14:27:21.878864 UTC,Corp_OracleEbs_BigQuery_PER_JOBS_Import,mwright,2022-01-28 14:27:21.878864 UTC,Corp_OracleEbs_BigQuery_PER_JOBS_Import,false,,
76,2578,150,0,1425,2003-11-13 00:00:00.000000 UTC,,AUS - CFO ASIA/PAC 35000,,,,,,,,,,Exec,Vice-President 1,,,,,,,,,,,,,,,2003-11-13 10:43:55.000000 UTC,1531,3264955,3513,2002-09-29 18:41:41.000000 UTC,US,,,,,,,,,,,,,,,,,,,,,3,false,,false,1,,,mwright,2022-01-28 14:27:21.878864 UTC,Corp_OracleEbs_BigQuery_PER_JOBS_Import,mwright,2022-01-28 14:27:21.878864 UTC,Corp_OracleEbs_BigQuery_PER_JOBS_Import,mwright,2022-01-28 14:27:21.878864 UTC,Corp_OracleEbs_BigQuery_PER_JOBS_Import,false,,
76,2578,149,0,1422,2003-11-13 00:00:00.000000 UTC,,AUS - PRESIDENT & MD ASIA/PAC UNLIMITED,,,,,,,,,,Exec,Chief Officer,,,,,,,,,,,,,,,2003-11-13 10:34:22.000000 UTC,1531,3264955,3513,2002-09-29 18:41:23.000000 UTC,US,,,,,,,,,,,,,,,,,,,,,4,false,,false,1,,,mwright,2022-01-28 14:27:21.878864 UTC,Corp_OracleEbs_BigQuery_PER_JOBS_Import,mwright,2022-01-28 14:27:21.878864 UTC,Corp_OracleEbs_BigQuery_PER_JOBS_Import,mwright,2022-01-28 14:27:21.878864 UTC,Corp_OracleEbs_BigQuery_PER_JOBS_Import,false,,
76,2578,1228,0,1424,2003-11-13 00:00:00.000000 UTC,,AUS - MD 15000,,,,,,,,,,G&A,Manager 1,,,,,,,,,,,,,,,2003-11-13 10:41:12.000000 UTC,1531,3264955,1531,2003-11-13 10:41:12.000000 UTC,US,,,,,,,,,,,,,,,,,,,,,1,false,,false,1,,,mwright,2022-01-28 14:27:21.878864 UTC,Corp_OracleEbs_BigQuery_PER_JOBS_Import,mwright,2022-01-28 14:27:21.878864 UTC,Corp_OracleEbs_BigQuery_PER_JOBS_Import,mwright,2022-01-28 14:27:21.878864 UTC,Corp_OracleEbs_BigQuery_PER_JOBS_Import,false,,
76,2578,1097,0,1220,2003-02-15 00:00:00.000000 UTC,,BUYER ADMINISTRATOR,,,,,,,,,,G&A,Non-Manager,,,,,,,,,,,,,,,2003-02-15 17:04:03.000000 UTC,1531,2701245,1531,2003-02-15 17:04:03.000000 UTC,US,,,,,,,,,,,,,,,,,,,,,1,false,,false,1,,,mwright,2022-01-28 14:27:21.878864 UTC,Corp_OracleEbs_BigQuery_PER_JOBS_Import,mwright,2022-01-28 14:27:21.878864 UTC,Corp_OracleEbs_BigQuery_PER_JOBS_Import,mwright,2022-01-28 14:27:21.878864 UTC,Corp_OracleEbs_BigQuery_PER_JOBS_Import,false,,
76,2578,1538,0,1613,2004-01-01 00:00:00.000000 UTC,,KOR - MD,,,,,,,,,,G&A,Non-Manager,0,,,,,,,,,,,,,,2004-06-14 21:26:23.000000 UTC,3823,3875017,3823,2004-06-14 21:26:23.000000 UTC,US,,,,,,,,,,,,,,,,,,,,,1,false,,false,1,,,mwright,2022-01-28 14:27:21.878864 UTC,Corp_OracleEbs_BigQuery_PER_JOBS_Import,mwright,2022-01-28 14:27:21.878864 UTC,Corp_OracleEbs_BigQuery_PER_JOBS_Import,mwright,2022-01-28 14:27:21.878864 UTC,Corp_OracleEbs_BigQuery_PER_JOBS_Import,false,,
76,2578,1532,0,1610,2004-01-01 00:00:00.000000 UTC,,KOR - OPS MANAGER,,,,,,,,,,G&A,Non-Manager,0,,,,,,,,,,,,,,2004-06-14 21:22:52.000000 UTC,3823,3875017,3823,2004-06-14 21:22:52.000000 UTC,US,,,,,,,,,,,,,,,,,,,,,1,false,,false,1,,,mwright,2022-01-28 14:27:21.878864 UTC,Corp_OracleEbs_BigQuery_PER_JOBS_Import,mwright,2022-01-28 14:27:21.878864 UTC,Corp_OracleEbs_BigQuery_PER_JOBS_Import,mwright,2022-01-28 14:27:21.878864 UTC,Corp_OracleEbs_BigQuery_PER_JOBS_Import,false,,
76,2578,1536,0,1612,2004-01-01 00:00:00.000000 UTC,,KOR - FINANCE MANAGER,,,,,,,,,,G&A,Non-Manager,0,,,,,,,,,,,,,,2004-06-14 21:24:19.000000 UTC,3823,3875017,3823,2004-06-14 21:24:19.000000 UTC,US,,,,,,,,,,,,,,,,,,,,,1,false,,false,1,,,mwright,2022-01-28 14:27:21.878864 UTC,Corp_OracleEbs_BigQuery_PER_JOBS_Import,mwright,2022-01-28 14:27:21.878864 UTC,Corp_OracleEbs_BigQuery_PER_JOBS_Import,mwright,2022-01-28 14:27:21.878864 UTC,Corp_OracleEbs_BigQuery_PER_JOBS_Import,false,,
76,2578,1534,0,1611,2004-01-01 00:00:00.000000 UTC,,KOR - DEPT DIRECTOR,,,,,,,,,,G&A,Non-Manager,0,,,,,,,,,,,,,,2004-06-14 21:23:34.000000 UTC,3823,3875017,3823,2004-06-14 21:23:34.000000 UTC,US,,,,,,,,,,,,,,,,,,,,,1,false,,false,1,,,mwright,2022-01-28 14:27:21.878864 UTC,Corp_OracleEbs_BigQuery_PER_JOBS_Import,mwright,2022-01-28 14:27:21.878864 UTC,Corp_OracleEbs_BigQuery_PER_JOBS_Import,mwright,2022-01-28 14:27:21.878864 UTC,Corp_OracleEbs_BigQuery_PER_JOBS_Import,false,,
76,2578,1530,0,1609,2004-01-01 00:00:00.000000 UTC,,KOR - REQUESTOR,,,,,,,,,,G&A,Non-Manager,0,,,,,,,,,,,,,,2004-06-14 21:22:52.000000 UTC,3823,3875017,3823,2004-06-14 21:22:52.000000 UTC,US,,,,,,,,,,,,,,,,,,,,,1,false,,false,1,,,mwright,2022-01-28 14:27:21.878864 UTC,Corp_OracleEbs_BigQuery_PER_JOBS_Import,mwright,2022-01-28 14:27:21.878864 UTC,Corp_OracleEbs_BigQuery_PER_JOBS_Import,mwright,2022-01-28 14:27:21.878864 UTC,Corp_OracleEbs_BigQuery_PER_JOBS_Import,false,,
76,2578,1522,0,1605,2004-01-01 00:00:00.000000 UTC,,HKG - OPS MANAGER,,,,,,,,,,G&A,Non-Manager,0,,,,,,,,,,,,,,2004-06-14 19:43:49.000000 UTC,3823,3875021,3823,2004-06-14 19:43:49.000000 UTC,US,,,,,,,,,,,,,,,,,,,,,1,false,,false,1,,,mwright,2022-01-28 14:27:21.878864 UTC,Corp_OracleEbs_BigQuery_PER_JOBS_Import,mwright,2022-01-28 14:27:21.878864 UTC,Corp_OracleEbs_BigQuery_PER_JOBS_Import,mwright,2022-01-28 14:27:21.878864 UTC,Corp_OracleEbs_BigQuery_PER_JOBS_Import,false,,
76,2578,1520,0,1604,2004-01-01 00:00:00.000000 UTC,,HKG - REQUESTOR,,,,,,,,,,G&A,Non-Manager,0,,,,,,,,,,,,,,2004-06-14 19:41:02.000000 UTC,3823,3875021,3823,2004-06-14 19:30:54.000000 UTC,US,,,,,,,,,,,,,,,,,,,,,2,false,,false,1,,,mwright,2022-01-28 14:27:21.878864 UTC,Corp_OracleEbs_BigQuery_PER_JOBS_Import,mwright,2022-01-28 14:27:21.878864 UTC,Corp_OracleEbs_BigQuery_PER_JOBS_Import,mwright,2022-01-28 14:27:21.878864 UTC,Corp_OracleEbs_BigQuery_PER_JOBS_Import,false,,
76,2578,1528,0,1608,2004-01-01 00:00:00.000000 UTC,,HKG - MD GREATER CHINA,,,,,,,,,,G&A,Non-Manager,0,,,,,,,,,,,,,,2004-06-14 19:47:10.000000 UTC,3823,3875021,3823,2004-06-14 19:47:10.000000 UTC,US,,,,,,,,,,,,,,,,,,,,,1,false,,false,1,,,mwright,2022-01-28 14:27:21.878864 UTC,Corp_OracleEbs_BigQuery_PER_JOBS_Import,mwright,2022-01-28 14:27:21.878864 UTC,Corp_OracleEbs_BigQuery_PER_JOBS_Import,mwright,2022-01-28 14:27:21.878864 UTC,Corp_OracleEbs_BigQuery_PER_JOBS_Import,false,,
76,2578,1526,0,1607,2004-01-01 00:00:00.000000 UTC,,HKG - FINANCE MANAGER,,,,,,,,,,G&A,Non-Manager,0,,,,,,,,,,,,,,2004-06-14 19:46:31.000000 UTC,3823,3875021,3823,2004-06-14 19:46:31.000000 UTC,US,,,,,,,,,,,,,,,,,,,,,1,false,,false,1,,,mwright,2022-01-28 14:27:21.878864 UTC,Corp_OracleEbs_BigQuery_PER_JOBS_Import,mwright,2022-01-28 14:27:21.878864 UTC,Corp_OracleEbs_BigQuery_PER_JOBS_Import,mwright,2022-01-28 14:27:21.878864 UTC,Corp_OracleEbs_BigQuery_PER_JOBS_Import,false,,
76,2578,1524,0,1606,2004-01-01 00:00:00.000000 UTC,,HKG - DEPT DIRECTOR,,,,,,,,,,G&A,Non-Manager,0,,,,,,,,,,,,,,2004-06-14 19:45:51.000000 UTC,3823,3875021,3823,2004-06-14 19:45:51.000000 UTC,US,,,,,,,,,,,,,,,,,,,,,1,false,,false,1,,,mwright,2022-01-28 14:27:21.878864 UTC,Corp_OracleEbs_BigQuery_PER_JOBS_Import,mwright,2022-01-28 14:27:21.878864 UTC,Corp_OracleEbs_BigQuery_PER_JOBS_Import,mwright,2022-01-28 14:27:21.878864 UTC,Corp_OracleEbs_BigQuery_PER_JOBS_Import,false,,
76,2578,1141,0,1321,2003-04-10 00:00:00.000000 UTC,,ESP COMPRADOR ASISTENTE,,,,,,,,,,G&A,Non-Manager,,,,,,,,,,,,,,,2003-04-10 13:39:11.000000 UTC,1531,2824956,1531,2003-04-10 13:39:11.000000 UTC,US,,,,,,,,,,,,,,,,,,,,,1,false,,false,1,,,mwright,2022-01-28 14:27:21.878864 UTC,Corp_OracleEbs_BigQuery_PER_JOBS_Import,mwright,2022-01-28 14:27:21.878864 UTC,Corp_OracleEbs_BigQuery_PER_JOBS_Import,mwright,2022-01-28 14:27:21.878864 UTC,Corp_OracleEbs_BigQuery_PER_JOBS_Import,false,,
76,2578,1755,0,1725,2004-09-27 00:00:00.000000 UTC,,IND - CHRO,,,,,,,,,,G&A,Non-Manager,0,,,,,,,,,,,,,,2004-09-28 05:35:39.000000 UTC,24502,4214780,24502,2004-09-28 05:35:39.000000 UTC,US,,,,,,,,,,,,,,,,,,,,,1,false,,false,1,,,mwright,2022-01-28 14:27:21.878864 UTC,Corp_OracleEbs_BigQuery_PER_JOBS_Import,mwright,2022-01-28 14:27:21.878864 UTC,Corp_OracleEbs_BigQuery_PER_JOBS_Import,mwright,2022-01-28 14:27:21.878864 UTC,Corp_OracleEbs_BigQuery_PER_JOBS_Import,false,,
76,2578,1828,0,1766,2004-09-27 00:00:00.000000 UTC,,IND - AVP - ADMIN & FACILITIES,,,,,,,,,,G&A,Non-Manager,0,,,,,,,,,,,,,,2004-09-28 06:58:47.000000 UTC,24502,4214780,24502,2004-09-28 06:58:47.000000 UTC,US,,,,,,,,,,,,,,,,,,,,,1,false,,false,1,,,mwright,2022-01-28 14:27:21.878864 UTC,Corp_OracleEbs_BigQuery_PER_JOBS_Import,mwright,2022-01-28 14:27:21.878864 UTC,Corp_OracleEbs_BigQuery_PER_JOBS_Import,mwright,2022-01-28 14:27:21.878864 UTC,Corp_OracleEbs_BigQuery_PER_JOBS_Import,false,,
76,2578,1745,0,1720,2004-09-27 00:00:00.000000 UTC,,IND - EXECUTIVE SECRETARY - CEO,,,,,,,,,,G&A,Non-Manager,0,,,,,,,,,,,,,,2004-09-28 05:33:30.000000 UTC,24502,4214780,24502,2004-09-28 05:33:30.000000 UTC,US,,,,,,,,,,,,,,,,,,,,,1,false,,false,1,,,mwright,2022-01-28 14:27:21.878864 UTC,Corp_OracleEbs_BigQuery_PER_JOBS_Import,mwright,2022-01-28 14:27:21.878864 UTC,Corp_OracleEbs_BigQuery_PER_JOBS_Import,mwright,2022-01-28 14:27:21.878864 UTC,Corp_OracleEbs_BigQuery_PER_JOBS_Import,false,,
76,2578,1811,0,1757,2004-09-27 00:00:00.000000 UTC,,IND - SUPERVISOR - OSC,,,,,,,,,,G&A,Non-Manager,0,,,,,,,,,,,,,,2004-09-28 06:52:44.000000 UTC,24502,4214780,24502,2004-09-28 06:52:44.000000 UTC,US,,,,,,,,,,,,,,,,,,,,,1,false,,false,1,,,mwright,2022-01-28 14:27:21.878864 UTC,Corp_OracleEbs_BigQuery_PER_JOBS_Import,mwright,2022-01-28 14:27:21.878864 UTC,Corp_OracleEbs_BigQuery_PER_JOBS_Import,mwright,2022-01-28 14:27:21.878864 UTC,Corp_OracleEbs_BigQuery_PER_JOBS_Import,false,,
76,2578,1807,0,1755,2004-09-27 00:00:00.000000 UTC,,IND - SR EXECUTIVE - ADMIN & FAC,,,,,,,,,,G&A,Non-Manager,0,,,,,,,,,,,,,,2004-09-28 06:51:30.000000 UTC,24502,4214780,24502,2004-09-28 06:51:30.000000 UTC,US,,,,,,,,,,,,,,,,,,,,,1,false,,false,1,,,mwright,2022-01-28 14:27:21.878864 UTC,Corp_OracleEbs_BigQuery_PER_JOBS_Import,mwright,2022-01-28 14:27:21.878864 UTC,Corp_OracleEbs_BigQuery_PER_JOBS_Import,mwright,2022-01-28 14:27:21.878864 UTC,Corp_OracleEbs_BigQuery_PER_JOBS_Import,false,,
76,2578,1781,0,1738,2004-09-27 00:00:00.000000 UTC,,IND - AVP - TRAINING,,,,,,,,,,G&A,Non-Manager,0,,,,,,,,,,,,,,2004-09-28 05:42:19.000000 UTC,24502,4214780,24502,2004-09-28 05:42:19.000000 UTC,US,,,,,,,,,,,,,,,,,,,,,1,false,,false,1,,,mwright,2022-01-28 14:27:21.878864 UTC,Corp_OracleEbs_BigQuery_PER_JOBS_Import,mwright,2022-01-28 14:27:21.878864 UTC,Corp_OracleEbs_BigQuery_PER_JOBS_Import,mwright,2022-01-28 14:27:21.878864 UTC,Corp_OracleEbs_BigQuery_PER_JOBS_Import,false,,
76,2578,1818,0,1760,2004-09-27 00:00:00.000000 UTC,,IND - EXECUTIVE - HR,,,,,,,,,,G&A,Non-Manager,0,,,,,,,,,,,,,,2004-09-28 06:55:55.000000 UTC,24502,4214780,24502,2004-09-28 06:55:55.000000 UTC,US,,,,,,,,,,,,,,,,,,,,,1,false,,false,1,,,mwright,2022-01-28 14:27:21.878864 UTC,Corp_OracleEbs_BigQuery_PER_JOBS_Import,mwright,2022-01-28 14:27:21.878864 UTC,Corp_OracleEbs_BigQuery_PER_JOBS_Import,mwright,2022-01-28 14:27:21.878864 UTC,Corp_OracleEbs_BigQuery_PER_JOBS_Import,false,,
76,2578,1749,0,1722,2004-09-27 00:00:00.000000 UTC,,IND - SECRETARY - CFO,,,,,,,,,,G&A,Non-Manager,0,,,,,,,,,,,,,,2004-09-28 05:34:30.000000 UTC,24502,4214780,24502,2004-09-28 05:34:30.000000 UTC,US,,,,,,,,,,,,,,,,,,,,,1,false,,false,1,,,mwright,2022-01-28 14:27:21.878864 UTC,Corp_OracleEbs_BigQuery_PER_JOBS_Import,mwright,2022-01-28 14:27:21.878864 UTC,Corp_OracleEbs_BigQuery_PER_JOBS_Import,mwright,2022-01-28 14:27:21.878864 UTC,Corp_OracleEbs_BigQuery_PER_JOBS_Import,false,,
76,2578,1765,0,1730,2004-09-27 00:00:00.000000 UTC,,IND - AVP - QUALITY,,,,,,,,,,G&A,Non-Manager,0,,,,,,,,,,,,,,2004-09-28 05:38:34.000000 UTC,24502,4214780,24502,2004-09-28 05:38:34.000000 UTC,US,,,,,,,,,,,,,,,,,,,,,1,false,,false,1,,,mwright,2022-01-28 14:27:21.878864 UTC,Corp_OracleEbs_BigQuery_PER_JOBS_Import,mwright,2022-01-28 14:27:21.878864 UTC,Corp_OracleEbs_BigQuery_PER_JOBS_Import,mwright,2022-01-28 14:27:21.878864 UTC,Corp_OracleEbs_BigQuery_PER_JOBS_Import,false,,
76,2578,1763,0,1729,2004-09-27 00:00:00.000000 UTC,,IND - CQO,,,,,,,,,,G&A,Non-Manager,0,,,,,,,,,,,,,,2004-09-28 05:38:34.000000 UTC,24502,4214780,24502,2004-09-28 05:38:34.000000 UTC,US,,,,,,,,,,,,,,,,,,,,,1,false,,false,1,,,mwright,2022-01-28 14:27:21.878864 UTC,Corp_OracleEbs_BigQuery_PER_JOBS_Import,mwright,2022-01-28 14:27:21.878864 UTC,Corp_OracleEbs_BigQuery_PER_JOBS_Import,mwright,2022-01-28 14:27:21.878864 UTC,Corp_OracleEbs_BigQuery_PER_JOBS_Import,false,,
76,2578,1775,0,1735,2004-09-27 00:00:00.000000 UTC,,IND - VP -  FINANCE,,,,,,,,,,G&A,Non-Manager,0,,,,,,,,,,,,,,2004-09-28 05:41:06.000000 UTC,24502,4214780,24502,2004-09-28 05:41:06.000000 UTC,US,,,,,,,,,,,,,,,,,,,,,1,false,,false,1,,,mwright,2022-01-28 14:27:21.878864 UTC,Corp_OracleEbs_BigQuery_PER_JOBS_Import,mwright,2022-01-28 14:27:21.878864 UTC,Corp_OracleEbs_BigQuery_PER_JOBS_Import,mwright,2022-01-28 14:27:21.878864 UTC,Corp_OracleEbs_BigQuery_PER_JOBS_Import,false,,
76,2578,1799,0,1751,2004-09-27 00:00:00.000000 UTC,,IND - EXECUTIVE - FINANCE,,,,,,,,,,G&A,Non-Manager,0,,,,,,,,,,,,,,2004-09-28 06:50:01.000000 UTC,24502,4214780,24502,2004-09-28 06:50:01.000000 UTC,US,,,,,,,,,,,,,,,,,,,,,1,false,,false,1,,,mwright,2022-01-28 14:27:21.878864 UTC,Corp_OracleEbs_BigQuery_PER_JOBS_Import,mwright,2022-01-28 14:27:21.878864 UTC,Corp_OracleEbs_BigQuery_PER_JOBS_Import,mwright,2022-01-28 14:27:21.878864 UTC,Corp_OracleEbs_BigQuery_PER_JOBS_Import,false,,
76,2578,1773,0,1734,2004-09-27 00:00:00.000000 UTC,,IND - BUYER,,,,,,,,,,G&A,Non-Manager,0,,,,,,,,,,,,,,2004-09-28 05:40:54.000000 UTC,24502,4214780,24502,2004-09-28 05:40:54.000000 UTC,US,,,,,,,,,,,,,,,,,,,,,1,false,,false,1,,,mwright,2022-01-28 14:27:21.878864 UTC,Corp_OracleEbs_BigQuery_PER_JOBS_Import,mwright,2022-01-28 14:27:21.878864 UTC,Corp_OracleEbs_BigQuery_PER_JOBS_Import,mwright,2022-01-28 14:27:21.878864 UTC,Corp_OracleEbs_BigQuery_PER_JOBS_Import,false,,
76,2578,1822,0,1763,2004-09-27 00:00:00.000000 UTC,,IND - AVP & HEAD - LAUNCH & IMPLEMENT,,,,,,,,,,G&A,Non-Manager,0,,,,,,,,,,,,,,2004-09-28 06:57:19.000000 UTC,24502,4214780,24502,2004-09-28 06:57:19.000000 UTC,US,,,,,,,,,,,,,,,,,,,,,1,false,,false,1,,,mwright,2022-01-28 14:27:21.878864 UTC,Corp_OracleEbs_BigQuery_PER_JOBS_Import,mwright,2022-01-28 14:27:21.878864 UTC,Corp_OracleEbs_BigQuery_PER_JOBS_Import,mwright,2022-01-28 14:27:21.878864 UTC,Corp_OracleEbs_BigQuery_PER_JOBS_Import,false,,
76,2578,1793,0,1746,2004-09-27 00:00:00.000000 UTC,,IND - SPECIALIST - QUALITY,,,,,,,,,,G&A,Non-Manager,0,,,,,,,,,,,,,,2004-09-28 05:50:50.000000 UTC,24502,4214780,24502,2004-09-28 05:50:50.000000 UTC,US,,,,,,,,,,,,,,,,,,,,,1,false,,false,1,,,mwright,2022-01-28 14:27:21.878864 UTC,Corp_OracleEbs_BigQuery_PER_JOBS_Import,mwright,2022-01-28 14:27:21.878864 UTC,Corp_OracleEbs_BigQuery_PER_JOBS_Import,mwright,2022-01-28 14:27:21.878864 UTC,Corp_OracleEbs_BigQuery_PER_JOBS_Import,false,,
76,2578,1779,0,1737,2004-09-27 00:00:00.000000 UTC,,IND - VP - BUSINESS DEVELOPMENT,,,,,,,,,,G&A,Non-Manager,0,,,,,,,,,,,,,,2004-09-28 05:42:07.000000 UTC,24502,4214780,24502,2004-09-28 05:42:07.000000 UTC,US,,,,,,,,,,,,,,,,,,,,,1,false,,false,1,,,mwright,2022-01-28 14:27:21.878864 UTC,Corp_OracleEbs_BigQuery_PER_JOBS_Import,mwright,2022-01-28 14:27:21.878864 UTC,Corp_OracleEbs_BigQuery_PER_JOBS_Import,mwright,2022-01-28 14:27:21.878864 UTC,Corp_OracleEbs_BigQuery_PER_JOBS_Import,false,,
76,2578,1787,0,1743,2004-09-27 00:00:00.000000 UTC,,IND - ASSISTANT MANAGER - APPLICATIONS,,,,,,,,,,G&A,Non-Manager,0,,,,,,,,,,,,,,2004-09-28 05:49:54.000000 UTC,24502,4214780,24502,2004-09-28 05:49:54.000000 UTC,US,,,,,,,,,,,,,,,,,,,,,1,false,,false,1,,,mwright,2022-01-28 14:27:21.878864 UTC,Corp_OracleEbs_BigQuery_PER_JOBS_Import,mwright,2022-01-28 14:27:21.878864 UTC,Corp_OracleEbs_BigQuery_PER_JOBS_Import,mwright,2022-01-28 14:27:21.878864 UTC,Corp_OracleEbs_BigQuery_PER_JOBS_Import,false,,
76,2578,1815,0,1759,2004-09-27 00:00:00.000000 UTC,,IND - ENGINEER - NETWORK,,,,,,,,,,G&A,Non-Manager,0,,,,,,,,,,,,,,2004-09-28 06:54:36.000000 UTC,24502,4214780,24502,2004-09-28 06:54:36.000000 UTC,US,,,,,,,,,,,,,,,,,,,,,1,false,,false,1,,,mwright,2022-01-28 14:27:21.878864 UTC,Corp_OracleEbs_BigQuery_PER_JOBS_Import,mwright,2022-01-28 14:27:21.878864 UTC,Corp_OracleEbs_BigQuery_PER_JOBS_Import,mwright,2022-01-28 14:27:21.878864 UTC,Corp_OracleEbs_BigQuery_PER_JOBS_Import,false,,
76,2578,1777,0,1736,2004-09-27 00:00:00.000000 UTC,,IND - MANAGER - LEGAL,,,,,,,,,,G&A,Non-Manager,0,,,,,,,,,,,,,,2004-09-28 05:41:55.000000 UTC,24502,4214780,24502,2004-09-28 05:41:55.000000 UTC,US,,,,,,,,,,,,,,,,,,,,,1,false,,false,1,,,mwright,2022-01-28 14:27:21.878864 UTC,Corp_OracleEbs_BigQuery_PER_JOBS_Import,mwright,2022-01-28 14:27:21.878864 UTC,Corp_OracleEbs_BigQuery_PER_JOBS_Import,mwright,2022-01-28 14:27:21.878864 UTC,Corp_OracleEbs_BigQuery_PER_JOBS_Import,false,,
76,2578,1761,0,1728,2004-09-27 00:00:00.000000 UTC,,IND - DIRECTOR - SITE,,,,,,,,,,G&A,Non-Manager,0,,,,,,,,,,,,,,2004-09-28 05:36:33.000000 UTC,24502,4214780,24502,2004-09-28 05:36:33.000000 UTC,US,,,,,,,,,,,,,,,,,,,,,1,false,,false,1,,,mwright,2022-01-28 14:27:21.878864 UTC,Corp_OracleEbs_BigQuery_PER_JOBS_Import,mwright,2022-01-28 14:27:21.878864 UTC,Corp_OracleEbs_BigQuery_PER_JOBS_Import,mwright,2022-01-28 14:27:21.878864 UTC,Corp_OracleEbs_BigQuery_PER_JOBS_Import,false,,
76,2578,1813,0,1758,2004-09-27 00:00:00.000000 UTC,,IND - SR MANAGER - OPERATIONS,,,,,,,,,,G&A,Non-Manager,0,,,,,,,,,,,,,,2004-09-28 06:54:24.000000 UTC,24502,4214780,24502,2004-09-28 06:54:24.000000 UTC,US,,,,,,,,,,,,,,,,,,,,,1,false,,false,1,,,mwright,2022-01-28 14:27:21.878864 UTC,Corp_OracleEbs_BigQuery_PER_JOBS_Import,mwright,2022-01-28 14:27:21.878864 UTC,Corp_OracleEbs_BigQuery_PER_JOBS_Import,mwright,2022-01-28 14:27:21.878864 UTC,Corp_OracleEbs_BigQuery_PER_JOBS_Import,false,,
76,2578,1783,0,1739,2004-09-27 00:00:00.000000 UTC,,IND - MANAGER - SOLUTIONS,,,,,,,,,,G&A,Non-Manager,0,,,,,,,,,,,,,,2004-09-28 05:42:31.000000 UTC,24502,4214780,24502,2004-09-28 05:42:31.000000 UTC,US,,,,,,,,,,,,,,,,,,,,,1,false,,false,1,,,mwright,2022-01-28 14:27:21.878864 UTC,Corp_OracleEbs_BigQuery_PER_JOBS_Import,mwright,2022-01-28 14:27:21.878864 UTC,Corp_OracleEbs_BigQuery_PER_JOBS_Import,mwright,2022-01-28 14:27:21.878864 UTC,Corp_OracleEbs_BigQuery_PER_JOBS_Import,false,,
76,2578,1795,0,1747,2004-09-27 00:00:00.000000 UTC,,IND - TEAM LEADER - OPERATIONS,,,,,,,,,,G&A,Non-Manager,0,,,,,,,,,,,,,,2004-09-28 05:51:20.000000 UTC,24502,4214780,24502,2004-09-28 05:51:20.000000 UTC,US,,,,,,,,,,,,,,,,,,,,,1,false,,false,1,,,mwright,2022-01-28 14:27:21.878864 UTC,Corp_OracleEbs_BigQuery_PER_JOBS_Import,mwright,2022-01-28 14:27:21.878864 UTC,Corp_OracleEbs_BigQuery_PER_JOBS_Import,mwright,2022-01-28 14:27:21.878864 UTC,Corp_OracleEbs_BigQuery_PER_JOBS_Import,false,,
76,2578,1820,0,1761,2004-09-27 00:00:00.000000 UTC,,IND - TRAINER - VOICE & ACCENT,,,,,,,,,,G&A,Non-Manager,0,,,,,,,,,,,,,,2004-09-28 06:56:07.000000 UTC,24502,4214780,24502,2004-09-28 06:56:07.000000 UTC,US,,,,,,,,,,,,,,,,,,,,,1,false,,false,1,,,mwright,2022-01-28 14:27:21.878864 UTC,Corp_OracleEbs_BigQuery_PER_JOBS_Import,mwright,2022-01-28 14:27:21.878864 UTC,Corp_OracleEbs_BigQuery_PER_JOBS_Import,mwright,2022-01-28 14:27:21.878864 UTC,Corp_OracleEbs_BigQuery_PER_JOBS_Import,false,,
76,2578,1801,0,1752,2004-09-27 00:00:00.000000 UTC,,IND - MANAGER - OSC,,,,,,,,,,G&A,Non-Manager,0,,,,,,,,,,,,,,2004-09-28 06:50:12.000000 UTC,24502,4214780,24502,2004-09-28 06:50:12.000000 UTC,US,,,,,,,,,,,,,,,,,,,,,1,false,,false,1,,,mwright,2022-01-28 14:27:21.878864 UTC,Corp_OracleEbs_BigQuery_PER_JOBS_Import,mwright,2022-01-28 14:27:21.878864 UTC,Corp_OracleEbs_BigQuery_PER_JOBS_Import,mwright,2022-01-28 14:27:21.878864 UTC,Corp_OracleEbs_BigQuery_PER_JOBS_Import,false,,
76,2578,1791,0,1745,2004-09-27 00:00:00.000000 UTC,,IND - SPECIALIST - OSC,,,,,,,,,,G&A,Non-Manager,0,,,,,,,,,,,,,,2004-09-28 05:50:38.000000 UTC,24502,4214780,24502,2004-09-28 05:50:38.000000 UTC,US,,,,,,,,,,,,,,,,,,,,,1,false,,false,1,,,mwright,2022-01-28 14:27:21.878864 UTC,Corp_OracleEbs_BigQuery_PER_JOBS_Import,mwright,2022-01-28 14:27:21.878864 UTC,Corp_OracleEbs_BigQuery_PER_JOBS_Import,mwright,2022-01-28 14:27:21.878864 UTC,Corp_OracleEbs_BigQuery_PER_JOBS_Import,false,,
76,2578,1789,0,1744,2004-09-27 00:00:00.000000 UTC,,IND - SUPERVISOR - OPERATIONS,,,,,,,,,,G&A,Non-Manager,0,,,,,,,,,,,,,,2004-09-28 05:50:26.000000 UTC,24502,4214780,24502,2004-09-28 05:50:26.000000 UTC,US,,,,,,,,,,,,,,,,,,,,,1,false,,false,1,,,mwright,2022-01-28 14:27:21.878864 UTC,Corp_OracleEbs_BigQuery_PER_JOBS_Import,mwright,2022-01-28 14:27:21.878864 UTC,Corp_OracleEbs_BigQuery_PER_JOBS_Import,mwright,2022-01-28 14:27:21.878864 UTC,Corp_OracleEbs_BigQuery_PER_JOBS_Import,false,,
76,2578,1809,0,1756,2004-09-27 00:00:00.000000 UTC,,IND - HEAD - HR (NORTH),,,,,,,,,,G&A,Non-Manager,0,,,,,,,,,,,,,,2004-09-28 06:51:42.000000 UTC,24502,4214780,24502,2004-09-28 06:51:42.000000 UTC,US,,,,,,,,,,,,,,,,,,,,,1,false,,false,1,,,mwright,2022-01-28 14:27:21.878864 UTC,Corp_OracleEbs_BigQuery_PER_JOBS_Import,mwright,2022-01-28 14:27:21.878864 UTC,Corp_OracleEbs_BigQuery_PER_JOBS_Import,mwright,2022-01-28 14:27:21.878864 UTC,Corp_OracleEbs_BigQuery_PER_JOBS_Import,false,,
76,2578,1759,0,1727,2004-09-27 00:00:00.000000 UTC,,IND - SR VP - OPERATIONS,,,,,,,,,,G&A,Non-Manager,0,,,,,,,,,,,,,,2004-09-28 05:36:21.000000 UTC,24502,4214780,24502,2004-09-28 05:36:21.000000 UTC,US,,,,,,,,,,,,,,,,,,,,,1,false,,false,1,,,mwright,2022-01-28 14:27:21.878864 UTC,Corp_OracleEbs_BigQuery_PER_JOBS_Import,mwright,2022-01-28 14:27:21.878864 UTC,Corp_OracleEbs_BigQuery_PER_JOBS_Import,mwright,2022-01-28 14:27:21.878864 UTC,Corp_OracleEbs_BigQuery_PER_JOBS_Import,false,,
76,2578,1803,0,1753,2004-09-27 00:00:00.000000 UTC,,IND - EXECUTIVE - MARKETING,,,,,,,,,,G&A,Non-Manager,0,,,,,,,,,,,,,,2004-09-28 06:50:24.000000 UTC,24502,4214780,24502,2004-09-28 06:50:24.000000 UTC,US,,,,,,,,,,,,,,,,,,,,,1,false,,false,1,,,mwright,2022-01-28 14:27:21.878864 UTC,Corp_OracleEbs_BigQuery_PER_JOBS_Import,mwright,2022-01-28 14:27:21.878864 UTC,Corp_OracleEbs_BigQuery_PER_JOBS_Import,mwright,2022-01-28 14:27:21.878864 UTC,Corp_OracleEbs_BigQuery_PER_JOBS_Import,false,,
76,2578,1743,0,1719,2004-09-27 00:00:00.000000 UTC,,IND - CEO,,,,,,,,,,G&A,Non-Manager,0,,,,,,,,,,,,,,2004-09-28 05:31:50.000000 UTC,24502,4214780,24502,2004-09-28 05:31:50.000000 UTC,US,,,,,,,,,,,,,,,,,,,,,1,false,,false,1,,,mwright,2022-01-28 14:27:21.878864 UTC,Corp_OracleEbs_BigQuery_PER_JOBS_Import,mwright,2022-01-28 14:27:21.878864 UTC,Corp_OracleEbs_BigQuery_PER_JOBS_Import,mwright,2022-01-28 14:27:21.878864 UTC,Corp_OracleEbs_BigQuery_PER_JOBS_Import,false,,
76,2578,1826,0,1765,2004-09-27 00:00:00.000000 UTC,,IND - MANAGER - HR,,,,,,,,,,G&A,Non-Manager,0,,,,,,,,,,,,,,2004-09-28 06:58:35.000000 UTC,24502,4214780,24502,2004-09-28 06:58:35.000000 UTC,US,,,,,,,,,,,,,,,,,,,,,1,false,,false,1,,,mwright,2022-01-28 14:27:21.878864 UTC,Corp_OracleEbs_BigQuery_PER_JOBS_Import,mwright,2022-01-28 14:27:21.878864 UTC,Corp_OracleEbs_BigQuery_PER_JOBS_Import,mwright,2022-01-28 14:27:21.878864 UTC,Corp_OracleEbs_BigQuery_PER_JOBS_Import,false,,
76,2578,1785,0,1742,2004-09-27 00:00:00.000000 UTC,,IND - ASSISTANT MANAGER - ADMIN & FAC,,,,,,,,,,G&A,Non-Manager,0,,,,,,,,,,,,,,2004-09-28 05:47:56.000000 UTC,24502,4214780,24502,2004-09-28 05:47:56.000000 UTC,US,,,,,,,,,,,,,,,,,,,,,1,false,,false,1,,,mwright,2022-01-28 14:27:21.878864 UTC,Corp_OracleEbs_BigQuery_PER_JOBS_Import,mwright,2022-01-28 14:27:21.878864 UTC,Corp_OracleEbs_BigQuery_PER_JOBS_Import,mwright,2022-01-28 14:27:21.878864 UTC,Corp_OracleEbs_BigQuery_PER_JOBS_Import,false,,
76,2578,1751,0,1723,2004-09-27 00:00:00.000000 UTC,,IND - CTO,,,,,,,,,,G&A,Non-Manager,0,,,,,,,,,,,,,,2004-09-28 05:35:27.000000 UTC,24502,4214780,24502,2004-09-28 05:35:27.000000 UTC,US,,,,,,,,,,,,,,,,,,,,,1,false,,false,1,,,mwright,2022-01-28 14:27:21.878864 UTC,Corp_OracleEbs_BigQuery_PER_JOBS_Import,mwright,2022-01-28 14:27:21.878864 UTC,Corp_OracleEbs_BigQuery_PER_JOBS_Import,mwright,2022-01-28 14:27:21.878864 UTC,Corp_OracleEbs_BigQuery_PER_JOBS_Import,false,,
76,2578,1769,0,1732,2004-09-27 00:00:00.000000 UTC,,IND - MANAGER - IT,,,,,,,,,,G&A,Non-Manager,0,,,,,,,,,,,,,,2004-09-28 05:39:48.000000 UTC,24502,4214780,24502,2004-09-28 05:39:48.000000 UTC,US,,,,,,,,,,,,,,,,,,,,,1,false,,false,1,,,mwright,2022-01-28 14:27:21.878864 UTC,Corp_OracleEbs_BigQuery_PER_JOBS_Import,mwright,2022-01-28 14:27:21.878864 UTC,Corp_OracleEbs_BigQuery_PER_JOBS_Import,mwright,2022-01-28 14:27:21.878864 UTC,Corp_OracleEbs_BigQuery_PER_JOBS_Import,false,,
76,2578,1797,0,1749,2004-09-27 00:00:00.000000 UTC,,IND - SPECIALIST - KNOWLEDGE & ESCALN,,,,,,,,,,G&A,Non-Manager,0,,,,,,,,,,,,,,2004-09-28 05:54:46.000000 UTC,24502,4214780,24502,2004-09-28 05:54:46.000000 UTC,US,,,,,,,,,,,,,,,,,,,,,1,false,,false,1,,,mwright,2022-01-28 14:27:21.878864 UTC,Corp_OracleEbs_BigQuery_PER_JOBS_Import,mwright,2022-01-28 14:27:21.878864 UTC,Corp_OracleEbs_BigQuery_PER_JOBS_Import,mwright,2022-01-28 14:27:21.878864 UTC,Corp_OracleEbs_BigQuery_PER_JOBS_Import,false,,
76,2578,1771,0,1733,2004-09-27 00:00:00.000000 UTC,,IND - AVP -  HR,,,,,,,,,,G&A,Non-Manager,0,,,,,,,,,,,,,,2004-09-28 05:40:54.000000 UTC,24502,4214780,24502,2004-09-28 05:40:54.000000 UTC,US,,,,,,,,,,,,,,,,,,,,,1,false,,false,1,,,mwright,2022-01-28 14:27:21.878864 UTC,Corp_OracleEbs_BigQuery_PER_JOBS_Import,mwright,2022-01-28 14:27:21.878864 UTC,Corp_OracleEbs_BigQuery_PER_JOBS_Import,mwright,2022-01-28 14:27:21.878864 UTC,Corp_OracleEbs_BigQuery_PER_JOBS_Import,false,,