ParentSystemId,SystemId,ASSIGNMENT_ID,EFFECTIVE_START_DATE,EFFECTIVE_END_DATE,BUSINESS_GROUP_ID,RECRUITER_ID,GRADE_ID,POSITION_ID,JOB_ID,ASSIGNMENT_STATUS_TYPE_ID,PAYROLL_ID,LOCATION_ID,PERSON_REFERRED_BY_ID,SUPERVISOR_ID,SPECIAL_CEILING_STEP_ID,PERSON_ID,RECRUITMENT_ACTIVITY_ID,SOURCE_ORGANIZATION_ID,ORGANIZATION_ID,PEOPLE_GROUP_ID,SOFT_CODING_KEYFLEX_ID,VACANCY_ID,PAY_BASIS_ID,ASSIGNMENT_SEQUENCE,ASSIGNMENT_TYPE,PRIMARY_FLAG,APPLICATION_ID,ASSIGNMENT_NUMBER,CHANGE_REASON,COMMENT_ID,DATE_PROBATION_END,DEFAULT_CODE_COMB_ID,EMPLOYMENT_CATEGORY,FREQUENCY,INTERNAL_ADDRESS_LINE,MANAGER_FLAG,NORMAL_HOURS,PERF_REVIEW_PERIOD,PERF_REVIEW_PERIOD_FREQUENCY,PERIOD_OF_SERVICE_ID,PROBATION_PERIOD,PROBATION_UNIT,SAL_REVIEW_PERIOD,SAL_REVIEW_PERIOD_FREQUENCY,SET_OF_BOOKS_ID,SOURCE_TYPE,TIME_NORMAL_FINISH,TIME_NORMAL_START,REQUEST_ID,PROGRAM_APPLICATION_ID,PROGRAM_ID,PROGRAM_UPDATE_DATE,ASS_ATTRIBUTE_CATEGORY,ASS_ATTRIBUTE1,ASS_ATTRIBUTE2,ASS_ATTRIBUTE3,ASS_ATTRIBUTE4,ASS_ATTRIBUTE5,ASS_ATTRIBUTE6,ASS_ATTRIBUTE7,ASS_ATTRIBUTE8,ASS_ATTRIBUTE9,ASS_ATTRIBUTE10,ASS_ATTRIBUTE11,ASS_ATTRIBUTE12,ASS_ATTRIBUTE13,ASS_ATTRIBUTE14,ASS_ATTRIBUTE15,ASS_ATTRIBUTE16,ASS_ATTRIBUTE17,ASS_ATTRIBUTE18,ASS_ATTRIBUTE19,ASS_ATTRIBUTE20,ASS_ATTRIBUTE21,ASS_ATTRIBUTE22,ASS_ATTRIBUTE23,ASS_ATTRIBUTE24,ASS_ATTRIBUTE25,ASS_ATTRIBUTE26,ASS_ATTRIBUTE27,ASS_ATTRIBUTE28,ASS_ATTRIBUTE29,ASS_ATTRIBUTE30,LAST_UPDATE_DATE,LAST_UPDATED_BY,LAST_UPDATE_LOGIN,CREATED_BY,CREATION_DATE,TITLE,OBJECT_VERSION_NUMBER,BARGAINING_UNIT_CODE,LABOUR_UNION_MEMBER_FLAG,HOURLY_SALARIED_CODE,CONTRACT_ID,COLLECTIVE_AGREEMENT_ID,CAGR_ID_FLEX_NUM,CAGR_GRADE_DEF_ID,ESTABLISHMENT_ID,APPLICANT_RANK,NOTICE_PERIOD,NOTICE_PERIOD_UOM,EMPLOYEE_CATEGORY,WORK_AT_HOME,JOB_POST_SOURCE_NAME,POSTING_CONTENT_ID,PERIOD_OF_PLACEMENT_DATE_START,VENDOR_ID,VENDOR_EMPLOYEE_NUMBER,VENDOR_ASSIGNMENT_NUMBER,ASSIGNMENT_CATEGORY,PROJECT_TITLE,GRADE_LADDER_PGM_ID,SUPERVISOR_ASSIGNMENT_ID,VENDOR_SITE_ID,PO_HEADER_ID,PO_LINE_ID,PROJECTED_ASSIGNMENT_END,LoadBy,LoadDate,LoadProcess,CreateBy,CreateDate,CreateProcess,UpdateBy,UpdateDate,UpdateProcess,InactiveInd,InactiveDate,InactiveReason
76,2578,15175,2015-10-05T00:00:00,4712-12-31T00:00:00,0,,,,,3,,522,,,,14838,,,0,,,,,1,E,true,,3226,,,,93047,,,,,,,,14878,,,,,1,,,,,,,,,,,,,,,,,,,,,,,,,,,,,,,,,,,,,,,2015-10-07 13:13:19.000000 UTC,236199,68471641,2190,2000-11-01 09:30:04.000000 UTC,,5,,,,,,,,,,,,,,,,,,,,,,,,,,,,airflow-worker,2024-01-25 07:24:02.397864 UTC,Dag - Corp_OracleEbs_BigQuery_PER_ALL_ASSIGNMENTS_F_Import,airflow-worker,2024-01-25 07:24:02.397864 UTC,Dag - Corp_OracleEbs_BigQuery_PER_ALL_ASSIGNMENTS_F_Import,airflow-worker,2024-01-25 07:24:02.397864 UTC,Dag - Corp_OracleEbs_BigQuery_PER_ALL_ASSIGNMENTS_F_Import,false,,
76,2578,15175,2000-11-01T00:00:00,2015-10-04T00:00:00,0,,,,,1,,522,,,,14838,,,0,,,,,1,E,true,,3226,,,,93047,,,,,,,,14878,,,,,1,,,,,,,,,,,,,,,,,,,,,,,,,,,,,,,,,,,,,,,2015-10-07 13:13:19.000000 UTC,236199,68471641,2190,2000-11-01 09:30:04.000000 UTC,,4,,,,,,,,,,,,,,,,,,,,,,,,,,,,airflow-worker,2024-01-25 07:24:02.397864 UTC,Dag - Corp_OracleEbs_BigQuery_PER_ALL_ASSIGNMENTS_F_Import,airflow-worker,2024-01-25 07:24:02.397864 UTC,Dag - Corp_OracleEbs_BigQuery_PER_ALL_ASSIGNMENTS_F_Import,airflow-worker,2024-01-25 07:24:02.397864 UTC,Dag - Corp_OracleEbs_BigQuery_PER_ALL_ASSIGNMENTS_F_Import,false,,
76,2578,20502,2001-05-31T00:00:00,2002-09-29T00:00:00,0,,,,,1,,225,,,,19989,,,0,,,,,1,E,true,,4200,,,,,,,,,,,,20009,,,,,1,,,,,,,,,,,,,,,,,,,,,,,,,,,,,,,,,,,,,,,2002-09-30 21:45:08.000000 UTC,3513,2428028,2198,2001-05-31 14:59:05.000000 UTC,,3,,,,,,,,,,,,,,,,,,,,,,,,,,,,airflow-worker,2024-01-25 07:24:02.397864 UTC,Dag - Corp_OracleEbs_BigQuery_PER_ALL_ASSIGNMENTS_F_Import,airflow-worker,2024-01-25 07:24:02.397864 UTC,Dag - Corp_OracleEbs_BigQuery_PER_ALL_ASSIGNMENTS_F_Import,airflow-worker,2024-01-25 07:24:02.397864 UTC,Dag - Corp_OracleEbs_BigQuery_PER_ALL_ASSIGNMENTS_F_Import,false,,
76,2578,10411,2000-03-31T00:00:00,4712-12-31T00:00:00,0,,,,,1,,,,,,10294,,,0,,,,,1,E,true,,2154,,,,,,,,,,,,10294,,,,,1,,,,,,,,,,,,,,,,,,,,,,,,,,,,,,,,,,,,,,,2000-03-31 17:31:26.000000 UTC,1308,210771,1308,2000-03-31 17:31:26.000000 UTC,,1,,,,,,,,,,,,,,,,,,,,,,,,,,,,airflow-worker,2024-01-25 07:24:02.397864 UTC,Dag - Corp_OracleEbs_BigQuery_PER_ALL_ASSIGNMENTS_F_Import,airflow-worker,2024-01-25 07:24:02.397864 UTC,Dag - Corp_OracleEbs_BigQuery_PER_ALL_ASSIGNMENTS_F_Import,airflow-worker,2024-01-25 07:24:02.397864 UTC,Dag - Corp_OracleEbs_BigQuery_PER_ALL_ASSIGNMENTS_F_Import,false,,
76,2578,10551,2000-04-14T00:00:00,2000-05-31T00:00:00,0,,,,,1,,,,,,10415,,,0,,,,,1,E,true,,2184,,,,22616,,,,,,,,10415,,,,,1,,,,,,,,,,,,,,,,,,,,,,,,,,,,,,,,,,,,,,,2001-12-20 10:25:45.000000 UTC,2342,2011389,1308,2000-04-14 14:34:00.000000 UTC,,4,,,,,,,,,,,,,,,,,,,,,,,,,,,,airflow-worker,2024-01-25 07:24:02.397864 UTC,Dag - Corp_OracleEbs_BigQuery_PER_ALL_ASSIGNMENTS_F_Import,airflow-worker,2024-01-25 07:24:02.397864 UTC,Dag - Corp_OracleEbs_BigQuery_PER_ALL_ASSIGNMENTS_F_Import,airflow-worker,2024-01-25 07:24:02.397864 UTC,Dag - Corp_OracleEbs_BigQuery_PER_ALL_ASSIGNMENTS_F_Import,false,,
76,2578,14722,2000-10-18T00:00:00,2002-03-07T00:00:00,0,,,,,1,,,,,,14405,,,0,,,,,1,E,true,,3142,,,,,,,,,,,,14445,,,,,22,,,,,,,,,,,,,,,,,,,,,,,,,,,,,,,,,,,,,,,2002-03-07 17:14:42.000000 UTC,1531,2156789,2470,2000-10-18 08:52:38.000000 UTC,,3,,,,,,,,,,,,,,,,,,,,,,,,,,,,airflow-worker,2024-01-25 07:24:02.397864 UTC,Dag - Corp_OracleEbs_BigQuery_PER_ALL_ASSIGNMENTS_F_Import,airflow-worker,2024-01-25 07:24:02.397864 UTC,Dag - Corp_OracleEbs_BigQuery_PER_ALL_ASSIGNMENTS_F_Import,airflow-worker,2024-01-25 07:24:02.397864 UTC,Dag - Corp_OracleEbs_BigQuery_PER_ALL_ASSIGNMENTS_F_Import,false,,
76,2578,16077,2000-11-30T00:00:00,4712-12-31T00:00:00,0,,,,,1,,,,,,15740,,,0,,,,,1,E,true,,3421,,,,,,,,,,,,15780,,,,,22,,,,,,,,,,,,,,,,,,,,,,,,,,,,,,,,,,,,,,,2000-11-30 08:29:41.000000 UTC,2470,1118916,2470,2000-11-30 06:39:59.000000 UTC,,2,,,,,,,,,,,,,,,,,,,,,,,,,,,,airflow-worker,2024-01-25 07:24:02.397864 UTC,Dag - Corp_OracleEbs_BigQuery_PER_ALL_ASSIGNMENTS_F_Import,airflow-worker,2024-01-25 07:24:02.397864 UTC,Dag - Corp_OracleEbs_BigQuery_PER_ALL_ASSIGNMENTS_F_Import,airflow-worker,2024-01-25 07:24:02.397864 UTC,Dag - Corp_OracleEbs_BigQuery_PER_ALL_ASSIGNMENTS_F_Import,false,,
76,2578,21882,2001-08-01T00:00:00,4712-12-31T00:00:00,0,,,,,1,,,,,,21309,,,0,,,,,1,E,true,,4594,,,,,,,,,,,,21329,,,,,23,,,,,,,,,,,,,,,,,,,,,,,,,,,,,,,,,,,,,,,2001-08-01 16:18:19.000000 UTC,2821,1690614,2821,2001-08-01 16:18:19.000000 UTC,,1,,,,,,,,,,,,,,,,,,,,,,,,,,,,airflow-worker,2024-01-25 07:24:02.397864 UTC,Dag - Corp_OracleEbs_BigQuery_PER_ALL_ASSIGNMENTS_F_Import,airflow-worker,2024-01-25 07:24:02.397864 UTC,Dag - Corp_OracleEbs_BigQuery_PER_ALL_ASSIGNMENTS_F_Import,airflow-worker,2024-01-25 07:24:02.397864 UTC,Dag - Corp_OracleEbs_BigQuery_PER_ALL_ASSIGNMENTS_F_Import,false,,
76,2578,22913,2001-10-11T00:00:00,2001-12-11T00:00:00,0,,,,,1,,,,,,22259,,,0,,,,,1,E,true,,4858,,,,,,,,,,,,22279,,,,,42,,,,,,,,,,,,,,,,,,,,,,,,,,,,,,,,,,,,,,,2001-12-13 04:31:48.000000 UTC,3022,1992809,3023,2001-10-11 07:50:18.000000 UTC,,3,,,,,,,,,,,,,,,,,,,,,,,,,,,,airflow-worker,2024-01-25 07:24:02.397864 UTC,Dag - Corp_OracleEbs_BigQuery_PER_ALL_ASSIGNMENTS_F_Import,airflow-worker,2024-01-25 07:24:02.397864 UTC,Dag - Corp_OracleEbs_BigQuery_PER_ALL_ASSIGNMENTS_F_Import,airflow-worker,2024-01-25 07:24:02.397864 UTC,Dag - Corp_OracleEbs_BigQuery_PER_ALL_ASSIGNMENTS_F_Import,false,,
76,2578,23815,2002-02-07T00:00:00,4712-12-31T00:00:00,0,,,,,1,,,,,,23135,,,0,,,,,1,E,true,,5470,,,,,,,,,,,,23155,,,,,103,,,,,,,,,,,,,,,,,,,,,,,,,,,,,,,,,,,,,,,2002-02-07 15:37:51.000000 UTC,3326,2116569,3326,2002-02-07 15:37:48.000000 UTC,,1,,,,,,,,,,,,,,,,,,,,,,,,,,,,airflow-worker,2024-01-25 07:24:02.397864 UTC,Dag - Corp_OracleEbs_BigQuery_PER_ALL_ASSIGNMENTS_F_Import,airflow-worker,2024-01-25 07:24:02.397864 UTC,Dag - Corp_OracleEbs_BigQuery_PER_ALL_ASSIGNMENTS_F_Import,airflow-worker,2024-01-25 07:24:02.397864 UTC,Dag - Corp_OracleEbs_BigQuery_PER_ALL_ASSIGNMENTS_F_Import,false,,
76,2578,23825,2002-02-12T00:00:00,2002-03-14T00:00:00,0,,,,,1,,,,,,23145,,,0,,,,,1,E,true,,5480,,,,117372,,,,,,,,23165,,,,,102,,,,,,,,,,,,,,,,,,,,,,,,,,,,,,,,,,,,,,,2002-03-14 12:47:14.000000 UTC,1068,2165021,3283,2002-02-12 14:18:44.000000 UTC,,4,,,,,,,,,,,,,,,,,,,,,,,,,,,,airflow-worker,2024-01-25 07:24:02.397864 UTC,Dag - Corp_OracleEbs_BigQuery_PER_ALL_ASSIGNMENTS_F_Import,airflow-worker,2024-01-25 07:24:02.397864 UTC,Dag - Corp_OracleEbs_BigQuery_PER_ALL_ASSIGNMENTS_F_Import,airflow-worker,2024-01-25 07:24:02.397864 UTC,Dag - Corp_OracleEbs_BigQuery_PER_ALL_ASSIGNMENTS_F_Import,false,,
76,2578,24113,2002-04-19T00:00:00,4712-12-31T00:00:00,0,,,,,1,,,,,,23433,,,0,,,,,1,E,true,,5690,,,,,,,,,,,,23453,,,,,23,,,,,,,,,,,,,,,,,,,,,,,,,,,,,,,,,,,,,,,2002-04-19 14:55:19.000000 UTC,3081,2207095,3081,2002-04-19 14:55:19.000000 UTC,,1,,,,,,,,,,,,,,,,,,,,,,,,,,,,airflow-worker,2024-01-25 07:24:02.397864 UTC,Dag - Corp_OracleEbs_BigQuery_PER_ALL_ASSIGNMENTS_F_Import,airflow-worker,2024-01-25 07:24:02.397864 UTC,Dag - Corp_OracleEbs_BigQuery_PER_ALL_ASSIGNMENTS_F_Import,airflow-worker,2024-01-25 07:24:02.397864 UTC,Dag - Corp_OracleEbs_BigQuery_PER_ALL_ASSIGNMENTS_F_Import,false,,
76,2578,24182,2002-05-06T00:00:00,4712-12-31T00:00:00,0,,,,,1,,,,,,23502,,,0,,,,,1,E,true,,5759,,,,,,,,,,,,23522,,,,,1,,,,,,,,,,,,,,,,,,,,,,,,,,,,,,,,,,,,,,,2002-05-06 15:43:44.000000 UTC,3498,2230275,3498,2002-05-06 15:43:43.000000 UTC,,1,,,,,,,,,,,,,,,,,,,,,,,,,,,,airflow-worker,2024-01-25 07:24:02.397864 UTC,Dag - Corp_OracleEbs_BigQuery_PER_ALL_ASSIGNMENTS_F_Import,airflow-worker,2024-01-25 07:24:02.397864 UTC,Dag - Corp_OracleEbs_BigQuery_PER_ALL_ASSIGNMENTS_F_Import,airflow-worker,2024-01-25 07:24:02.397864 UTC,Dag - Corp_OracleEbs_BigQuery_PER_ALL_ASSIGNMENTS_F_Import,false,,
76,2578,24235,2002-05-10T00:00:00,4712-12-31T00:00:00,0,,,,,1,,,,,,23555,,,0,,,,,1,E,true,,5796,,,,,,,,,,,,23575,,,,,1,,,,,,,,,,,,,,,,,,,,,,,,,,,,,,,,,,,,,,,2002-05-10 15:07:24.000000 UTC,3498,2237417,3498,2002-05-10 15:07:22.000000 UTC,,1,,,,,,,,,,,,,,,,,,,,,,,,,,,,airflow-worker,2024-01-25 07:24:02.397864 UTC,Dag - Corp_OracleEbs_BigQuery_PER_ALL_ASSIGNMENTS_F_Import,airflow-worker,2024-01-25 07:24:02.397864 UTC,Dag - Corp_OracleEbs_BigQuery_PER_ALL_ASSIGNMENTS_F_Import,airflow-worker,2024-01-25 07:24:02.397864 UTC,Dag - Corp_OracleEbs_BigQuery_PER_ALL_ASSIGNMENTS_F_Import,false,,
76,2578,24499,2002-06-28T00:00:00,4712-12-31T00:00:00,0,,,,,1,,,,,,23817,,,0,,,,,1,E,true,,6023,,,,,,,,,,,,23837,,,,,1,,,,,,,,,,,,,,,,,,,,,,,,,,,,,,,,,,,,,,,2002-06-28 15:08:46.000000 UTC,3498,2291533,3498,2002-06-28 15:08:44.000000 UTC,,1,,,,,,,,,,,,,,,,,,,,,,,,,,,,airflow-worker,2024-01-25 07:24:02.397864 UTC,Dag - Corp_OracleEbs_BigQuery_PER_ALL_ASSIGNMENTS_F_Import,airflow-worker,2024-01-25 07:24:02.397864 UTC,Dag - Corp_OracleEbs_BigQuery_PER_ALL_ASSIGNMENTS_F_Import,airflow-worker,2024-01-25 07:24:02.397864 UTC,Dag - Corp_OracleEbs_BigQuery_PER_ALL_ASSIGNMENTS_F_Import,false,,
76,2578,24517,2002-07-02T00:00:00,4712-12-31T00:00:00,0,,,,,1,,,,,,23834,,,0,,,,,1,E,true,,6040,,,,,,,,,,,,23854,,,,,1,,,,,,,,,,,,,,,,,,,,,,,,,,,,,,,,,,,,,,,2002-07-02 09:48:54.000000 UTC,3498,2297003,3498,2002-07-02 09:48:53.000000 UTC,,1,,,,,,,,,,,,,,,,,,,,,,,,,,,,airflow-worker,2024-01-25 07:24:02.397864 UTC,Dag - Corp_OracleEbs_BigQuery_PER_ALL_ASSIGNMENTS_F_Import,airflow-worker,2024-01-25 07:24:02.397864 UTC,Dag - Corp_OracleEbs_BigQuery_PER_ALL_ASSIGNMENTS_F_Import,airflow-worker,2024-01-25 07:24:02.397864 UTC,Dag - Corp_OracleEbs_BigQuery_PER_ALL_ASSIGNMENTS_F_Import,false,,
76,2578,24650,2002-07-25T00:00:00,4712-12-31T00:00:00,0,,,,,1,,,,,,23967,,,0,,,,,1,E,true,,6138,,,,,,,,,,,,23987,,,,,2,,,,,,,,,,,,,,,,,,,,,,,,,,,,,,,,,,,,,,,2002-07-25 11:01:24.000000 UTC,3498,2333861,3498,2002-07-25 11:01:23.000000 UTC,,1,,,,,,,,,,,,,,,,,,,,,,,,,,,,airflow-worker,2024-01-25 07:24:02.397864 UTC,Dag - Corp_OracleEbs_BigQuery_PER_ALL_ASSIGNMENTS_F_Import,airflow-worker,2024-01-25 07:24:02.397864 UTC,Dag - Corp_OracleEbs_BigQuery_PER_ALL_ASSIGNMENTS_F_Import,airflow-worker,2024-01-25 07:24:02.397864 UTC,Dag - Corp_OracleEbs_BigQuery_PER_ALL_ASSIGNMENTS_F_Import,false,,
76,2578,24761,2002-08-15T00:00:00,4712-12-31T00:00:00,0,,,,,1,,,,,,24078,,,0,,,,,1,E,true,,6223,,,,,,,,,,,,24098,,,,,1,,,,,,,,,,,,,,,,,,,,,,,,,,,,,,,,,,,,,,,2002-08-15 14:26:07.000000 UTC,3498,2368063,3498,2002-08-15 14:26:05.000000 UTC,,1,,,,,,,,,,,,,,,,,,,,,,,,,,,,airflow-worker,2024-01-25 07:24:02.397864 UTC,Dag - Corp_OracleEbs_BigQuery_PER_ALL_ASSIGNMENTS_F_Import,airflow-worker,2024-01-25 07:24:02.397864 UTC,Dag - Corp_OracleEbs_BigQuery_PER_ALL_ASSIGNMENTS_F_Import,airflow-worker,2024-01-25 07:24:02.397864 UTC,Dag - Corp_OracleEbs_BigQuery_PER_ALL_ASSIGNMENTS_F_Import,false,,
76,2578,14496,2000-10-11T00:00:00,2002-11-19T00:00:00,0,,,,,1,,101,,,,14179,,,0,,,,,1,E,true,,3114,,,,4845,,,,,,,,14219,,,,,1,,,,,,,,,,,,,,,,,,,,,,,,,,,,,,,,,,,,,,,2002-11-20 18:55:46.000000 UTC,2241,2518675,2190,2000-10-11 15:15:19.000000 UTC,,4,,,,,,,,,,,,,,,,,,,,,,,,,,,,airflow-worker,2024-01-25 07:24:02.397864 UTC,Dag - Corp_OracleEbs_BigQuery_PER_ALL_ASSIGNMENTS_F_Import,airflow-worker,2024-01-25 07:24:02.397864 UTC,Dag - Corp_OracleEbs_BigQuery_PER_ALL_ASSIGNMENTS_F_Import,airflow-worker,2024-01-25 07:24:02.397864 UTC,Dag - Corp_OracleEbs_BigQuery_PER_ALL_ASSIGNMENTS_F_Import,false,,
76,2578,10981,2000-05-11T00:00:00,4712-12-31T00:00:00,0,,,,,1,,107,,,,10844,,,0,,,,,1,E,true,,2233,,,,78331,,,,,,,,10844,,,,,1,,,,,,,,,,,,,,,,,,,,,,,,,,,,,,,,,,,,,,,2000-05-11 09:45:25.000000 UTC,1918,265518,1918,2000-05-11 09:43:50.000000 UTC,,2,,,,,,,,,,,,,,,,,,,,,,,,,,,,airflow-worker,2024-01-25 07:24:02.397864 UTC,Dag - Corp_OracleEbs_BigQuery_PER_ALL_ASSIGNMENTS_F_Import,airflow-worker,2024-01-25 07:24:02.397864 UTC,Dag - Corp_OracleEbs_BigQuery_PER_ALL_ASSIGNMENTS_F_Import,airflow-worker,2024-01-25 07:24:02.397864 UTC,Dag - Corp_OracleEbs_BigQuery_PER_ALL_ASSIGNMENTS_F_Import,false,,
76,2578,14697,2000-10-17T00:00:00,4712-12-31T00:00:00,0,,,,,1,,363,,,,14380,,,0,,,,,1,E,true,,3132,,,,,,,,,,,,14420,,,,,22,,,,,,,,,,,,,,,,,,,,,,,,,,,,,,,,,,,,,,,2000-10-17 13:43:42.000000 UTC,2470,936861,2470,2000-10-17 13:41:22.000000 UTC,,2,,,,,,,,,,,,,,,,,,,,,,,,,,,,airflow-worker,2024-01-25 07:24:02.397864 UTC,Dag - Corp_OracleEbs_BigQuery_PER_ALL_ASSIGNMENTS_F_Import,airflow-worker,2024-01-25 07:24:02.397864 UTC,Dag - Corp_OracleEbs_BigQuery_PER_ALL_ASSIGNMENTS_F_Import,airflow-worker,2024-01-25 07:24:02.397864 UTC,Dag - Corp_OracleEbs_BigQuery_PER_ALL_ASSIGNMENTS_F_Import,false,,
76,2578,10431,2000-04-04T00:00:00,4712-12-31T00:00:00,0,,,,,1,,622,,,,10295,,,0,,,,,1,E,true,,2155,,,,64994,,,,,,,,10295,,,,,1,,,,,,,,,,,,,,,,,,,,,,,,,,,,,,,,,,,,,,,2002-01-02 10:53:55.000000 UTC,1068,2041698,1308,2000-04-04 15:34:15.000000 UTC,,3,,,,,,,,,,,,,,,,,,,,,,,,,,,,airflow-worker,2024-01-25 07:24:02.397864 UTC,Dag - Corp_OracleEbs_BigQuery_PER_ALL_ASSIGNMENTS_F_Import,airflow-worker,2024-01-25 07:24:02.397864 UTC,Dag - Corp_OracleEbs_BigQuery_PER_ALL_ASSIGNMENTS_F_Import,airflow-worker,2024-01-25 07:24:02.397864 UTC,Dag - Corp_OracleEbs_BigQuery_PER_ALL_ASSIGNMENTS_F_Import,false,,
76,2578,22875,2001-10-09T00:00:00,4712-12-31T00:00:00,0,,,,,1,,622,,,,22221,,,0,,,,,1,E,true,,4839,,,,,,,,,,,,22241,,,,,1,,,,,,,,,,,,,,,,,,,,,,,,,,,,,,,,,,,,,,,2001-10-09 08:48:35.000000 UTC,2198,1831343,2198,2001-10-09 08:48:08.000000 UTC,,2,,,,,,,,,,,,,,,,,,,,,,,,,,,,airflow-worker,2024-01-25 07:24:02.397864 UTC,Dag - Corp_OracleEbs_BigQuery_PER_ALL_ASSIGNMENTS_F_Import,airflow-worker,2024-01-25 07:24:02.397864 UTC,Dag - Corp_OracleEbs_BigQuery_PER_ALL_ASSIGNMENTS_F_Import,airflow-worker,2024-01-25 07:24:02.397864 UTC,Dag - Corp_OracleEbs_BigQuery_PER_ALL_ASSIGNMENTS_F_Import,false,,
76,2578,23031,2001-10-19T00:00:00,4712-12-31T00:00:00,0,,,,,1,,622,,,,22377,,,0,,,,,1,E,true,,4903,,,,,,,,,,,,22397,,,,,1,,,,,,,,,,,,,,,,,,,,,,,,,,,,,,,,,,,,,,,2001-10-19 14:03:37.000000 UTC,2198,1850356,2198,2001-10-19 14:03:20.000000 UTC,,2,,,,,,,,,,,,,,,,,,,,,,,,,,,,airflow-worker,2024-01-25 07:24:02.397864 UTC,Dag - Corp_OracleEbs_BigQuery_PER_ALL_ASSIGNMENTS_F_Import,airflow-worker,2024-01-25 07:24:02.397864 UTC,Dag - Corp_OracleEbs_BigQuery_PER_ALL_ASSIGNMENTS_F_Import,airflow-worker,2024-01-25 07:24:02.397864 UTC,Dag - Corp_OracleEbs_BigQuery_PER_ALL_ASSIGNMENTS_F_Import,false,,
76,2578,1594394,2023-09-23T00:00:00,4712-12-31T00:00:00,325,,,,,145,,622,,,,24914,,,325,,,,,2,E,true,,3000003-2,,,,,,,,false,,,,13162464,,,,,,,,,,,,,,,,,,,,,,,,,,,,,,,,,,,,,,,,,,,,2023-09-22 05:32:23.000000 UTC,827294,195089307,827295,2023-09-14 02:30:19.000000 UTC,,4,,false,,,,,,,,,,,false,,,,,,,,,,,,,,,airflow-worker,2024-01-25 07:24:02.397864 UTC,Dag - Corp_OracleEbs_BigQuery_PER_ALL_ASSIGNMENTS_F_Import,airflow-worker,2024-01-25 07:24:02.397864 UTC,Dag - Corp_OracleEbs_BigQuery_PER_ALL_ASSIGNMENTS_F_Import,airflow-worker,2024-01-25 07:24:02.397864 UTC,Dag - Corp_OracleEbs_BigQuery_PER_ALL_ASSIGNMENTS_F_Import,false,,
76,2578,1594394,2023-09-14T00:00:00,2023-09-22T00:00:00,325,,,,,1,,622,,,,24914,,,325,,,,,2,E,true,,3000003-2,,,,,,,,false,,,,13162464,,,,,,,,,,,,,,,,,,,,,,,,,,,,,,,,,,,,,,,,,,,,2023-09-22 05:32:23.000000 UTC,827294,195089307,827295,2023-09-14 02:30:19.000000 UTC,,3,,false,,,,,,,,,,,false,,,,,,,,,,,,,,,airflow-worker,2024-01-25 07:24:02.397864 UTC,Dag - Corp_OracleEbs_BigQuery_PER_ALL_ASSIGNMENTS_F_Import,airflow-worker,2024-01-25 07:24:02.397864 UTC,Dag - Corp_OracleEbs_BigQuery_PER_ALL_ASSIGNMENTS_F_Import,airflow-worker,2024-01-25 07:24:02.397864 UTC,Dag - Corp_OracleEbs_BigQuery_PER_ALL_ASSIGNMENTS_F_Import,false,,
76,2578,14278,2000-10-04T00:00:00,4712-12-31T00:00:00,0,,,,,1,,382,,,,13964,,,0,,,,,1,E,true,,3094,,,,88576,,,,,,,,14001,,,,,22,,,,,,,,,,,,,,,,,,,,,,,,,,,,,,,,,,,,,,,2000-11-30 08:29:13.000000 UTC,2470,1118916,2022,2000-10-04 07:35:08.000000 UTC,,5,,,,,,,,,,,,,,,,,,,,,,,,,,,,airflow-worker,2024-01-25 07:24:02.397864 UTC,Dag - Corp_OracleEbs_BigQuery_PER_ALL_ASSIGNMENTS_F_Import,airflow-worker,2024-01-25 07:24:02.397864 UTC,Dag - Corp_OracleEbs_BigQuery_PER_ALL_ASSIGNMENTS_F_Import,airflow-worker,2024-01-25 07:24:02.397864 UTC,Dag - Corp_OracleEbs_BigQuery_PER_ALL_ASSIGNMENTS_F_Import,false,,
76,2578,15745,2000-11-16T00:00:00,4712-12-31T00:00:00,0,,,,,1,,382,,,,15388,,,0,,,,,1,E,true,,3314,,,,97950,,,,,,,,15428,,,,,22,,,,,,,,,,,,,,,,,,,,,,,,,,,,,,,,,,,,,,,2001-07-03 10:27:57.000000 UTC,2469,1639738,2470,2000-11-16 09:24:03.000000 UTC,,5,,,,,,,,,,,,,,,,,,,,,,,,,,,,airflow-worker,2024-01-25 07:24:02.397864 UTC,Dag - Corp_OracleEbs_BigQuery_PER_ALL_ASSIGNMENTS_F_Import,airflow-worker,2024-01-25 07:24:02.397864 UTC,Dag - Corp_OracleEbs_BigQuery_PER_ALL_ASSIGNMENTS_F_Import,airflow-worker,2024-01-25 07:24:02.397864 UTC,Dag - Corp_OracleEbs_BigQuery_PER_ALL_ASSIGNMENTS_F_Import,false,,
76,2578,20722,2001-06-13T00:00:00,4712-12-31T00:00:00,0,,,,,1,,382,,,,20229,,,0,,,,,1,E,true,,4272,,,,97908,,,,,,,,20249,,,,,22,,,,,,,,,,,,,,,,,,,,,,,,,,,,,,,,,,,,,,,2001-06-13 13:08:22.000000 UTC,2741,1608041,2741,2001-06-13 12:57:22.000000 UTC,,2,,,,,,,,,,,,,,,,,,,,,,,,,,,,airflow-worker,2024-01-25 07:24:02.397864 UTC,Dag - Corp_OracleEbs_BigQuery_PER_ALL_ASSIGNMENTS_F_Import,airflow-worker,2024-01-25 07:24:02.397864 UTC,Dag - Corp_OracleEbs_BigQuery_PER_ALL_ASSIGNMENTS_F_Import,airflow-worker,2024-01-25 07:24:02.397864 UTC,Dag - Corp_OracleEbs_BigQuery_PER_ALL_ASSIGNMENTS_F_Import,false,,
76,2578,20947,2001-06-20T00:00:00,4712-12-31T00:00:00,0,,,,,1,,382,,,,20454,,,0,,,,,1,E,true,,4398,,,,110440,,,,,,,,20474,,,,,22,,,,,,,,,,,,,,,,,,,,,,,,,,,,,,,,,,,,,,,2001-06-20 09:33:19.000000 UTC,2741,1619404,2741,2001-06-20 09:31:13.000000 UTC,,2,,,,,,,,,,,,,,,,,,,,,,,,,,,,airflow-worker,2024-01-25 07:24:02.397864 UTC,Dag - Corp_OracleEbs_BigQuery_PER_ALL_ASSIGNMENTS_F_Import,airflow-worker,2024-01-25 07:24:02.397864 UTC,Dag - Corp_OracleEbs_BigQuery_PER_ALL_ASSIGNMENTS_F_Import,airflow-worker,2024-01-25 07:24:02.397864 UTC,Dag - Corp_OracleEbs_BigQuery_PER_ALL_ASSIGNMENTS_F_Import,false,,
76,2578,21582,2001-07-20T00:00:00,4712-12-31T00:00:00,0,,,,,1,,682,,,,21029,,,0,,,,,1,E,true,,4541,,,,71826,,,,,,,,21049,,,,,42,,,,,,,,,,,,,,,,,,,,,,,,,,,,,,,,,,,,,,,2001-07-20 03:34:15.000000 UTC,3023,1668925,3023,2001-07-20 03:31:27.000000 UTC,,2,,,,,,,,,,,,,,,,,,,,,,,,,,,,airflow-worker,2024-01-25 07:24:02.397864 UTC,Dag - Corp_OracleEbs_BigQuery_PER_ALL_ASSIGNMENTS_F_Import,airflow-worker,2024-01-25 07:24:02.397864 UTC,Dag - Corp_OracleEbs_BigQuery_PER_ALL_ASSIGNMENTS_F_Import,airflow-worker,2024-01-25 07:24:02.397864 UTC,Dag - Corp_OracleEbs_BigQuery_PER_ALL_ASSIGNMENTS_F_Import,false,,
76,2578,21583,2001-07-20T00:00:00,4712-12-31T00:00:00,0,,,,,1,,682,,,,21030,,,0,,,,,1,E,true,,4542,,,,35098,,,,,,,,21050,,,,,42,,,,,,,,,,,,,,,,,,,,,,,,,,,,,,,,,,,,,,,2001-07-30 02:36:36.000000 UTC,3022,1683986,3023,2001-07-20 03:40:50.000000 UTC,,4,,,,,,,,,,,,,,,,,,,,,,,,,,,,airflow-worker,2024-01-25 07:24:02.397864 UTC,Dag - Corp_OracleEbs_BigQuery_PER_ALL_ASSIGNMENTS_F_Import,airflow-worker,2024-01-25 07:24:02.397864 UTC,Dag - Corp_OracleEbs_BigQuery_PER_ALL_ASSIGNMENTS_F_Import,airflow-worker,2024-01-25 07:24:02.397864 UTC,Dag - Corp_OracleEbs_BigQuery_PER_ALL_ASSIGNMENTS_F_Import,false,,
76,2578,21585,2001-07-20T00:00:00,4712-12-31T00:00:00,0,,,,,1,,682,,,,21032,,,0,,,,,1,E,true,,4544,,,,24136,,,,,,,,21052,,,,,42,,,,,,,,,,,,,,,,,,,,,,,,,,,,,,,,,,,,,,,2001-07-30 02:29:09.000000 UTC,3022,1683986,3023,2001-07-20 03:48:12.000000 UTC,,3,,,,,,,,,,,,,,,,,,,,,,,,,,,,airflow-worker,2024-01-25 07:24:02.397864 UTC,Dag - Corp_OracleEbs_BigQuery_PER_ALL_ASSIGNMENTS_F_Import,airflow-worker,2024-01-25 07:24:02.397864 UTC,Dag - Corp_OracleEbs_BigQuery_PER_ALL_ASSIGNMENTS_F_Import,airflow-worker,2024-01-25 07:24:02.397864 UTC,Dag - Corp_OracleEbs_BigQuery_PER_ALL_ASSIGNMENTS_F_Import,false,,
76,2578,21588,2001-07-20T00:00:00,4712-12-31T00:00:00,0,,,,,1,,682,,,,21035,,,0,,,,,1,E,true,,4547,,,,45881,,,,,,,,21055,,,,,42,,,,,,,,,,,,,,,,,,,,,,,,,,,,,,,,,,,,,,,2001-07-20 04:02:05.000000 UTC,3023,1668925,3023,2001-07-20 04:00:44.000000 UTC,,2,,,,,,,,,,,,,,,,,,,,,,,,,,,,airflow-worker,2024-01-25 07:24:02.397864 UTC,Dag - Corp_OracleEbs_BigQuery_PER_ALL_ASSIGNMENTS_F_Import,airflow-worker,2024-01-25 07:24:02.397864 UTC,Dag - Corp_OracleEbs_BigQuery_PER_ALL_ASSIGNMENTS_F_Import,airflow-worker,2024-01-25 07:24:02.397864 UTC,Dag - Corp_OracleEbs_BigQuery_PER_ALL_ASSIGNMENTS_F_Import,false,,
76,2578,21589,2001-07-20T00:00:00,4712-12-31T00:00:00,0,,,,,1,,682,,,,21036,,,0,,,,,1,E,true,,4548,,,,95830,,,,,,,,21056,,,,,42,,,,,,,,,,,,,,,,,,,,,,,,,,,,,,,,,,,,,,,2001-08-03 02:24:53.000000 UTC,3022,1693400,3023,2001-07-20 04:02:44.000000 UTC,,4,,,,,,,,,,,,,,,,,,,,,,,,,,,,airflow-worker,2024-01-25 07:24:02.397864 UTC,Dag - Corp_OracleEbs_BigQuery_PER_ALL_ASSIGNMENTS_F_Import,airflow-worker,2024-01-25 07:24:02.397864 UTC,Dag - Corp_OracleEbs_BigQuery_PER_ALL_ASSIGNMENTS_F_Import,airflow-worker,2024-01-25 07:24:02.397864 UTC,Dag - Corp_OracleEbs_BigQuery_PER_ALL_ASSIGNMENTS_F_Import,false,,
76,2578,21591,2001-07-20T00:00:00,4712-12-31T00:00:00,0,,,,,1,,682,,,,21038,,,0,,,,,1,E,true,,4550,,,,66941,,,,,,,,21058,,,,,42,,,,,,,,,,,,,,,,,,,,,,,,,,,,,,,,,,,,,,,2001-07-20 04:06:52.000000 UTC,3023,1668925,3023,2001-07-20 04:05:31.000000 UTC,,2,,,,,,,,,,,,,,,,,,,,,,,,,,,,airflow-worker,2024-01-25 07:24:02.397864 UTC,Dag - Corp_OracleEbs_BigQuery_PER_ALL_ASSIGNMENTS_F_Import,airflow-worker,2024-01-25 07:24:02.397864 UTC,Dag - Corp_OracleEbs_BigQuery_PER_ALL_ASSIGNMENTS_F_Import,airflow-worker,2024-01-25 07:24:02.397864 UTC,Dag - Corp_OracleEbs_BigQuery_PER_ALL_ASSIGNMENTS_F_Import,false,,
76,2578,21592,2001-07-20T00:00:00,4712-12-31T00:00:00,0,,,,,1,,682,,,,21039,,,0,,,,,1,E,true,,4551,,,,66941,,,,,,,,21059,,,,,42,,,,,,,,,,,,,,,,,,,,,,,,,,,,,,,,,,,,,,,2001-07-20 04:08:52.000000 UTC,3023,1668925,3023,2001-07-20 04:07:41.000000 UTC,,2,,,,,,,,,,,,,,,,,,,,,,,,,,,,airflow-worker,2024-01-25 07:24:02.397864 UTC,Dag - Corp_OracleEbs_BigQuery_PER_ALL_ASSIGNMENTS_F_Import,airflow-worker,2024-01-25 07:24:02.397864 UTC,Dag - Corp_OracleEbs_BigQuery_PER_ALL_ASSIGNMENTS_F_Import,airflow-worker,2024-01-25 07:24:02.397864 UTC,Dag - Corp_OracleEbs_BigQuery_PER_ALL_ASSIGNMENTS_F_Import,false,,
76,2578,21594,2001-07-20T00:00:00,4712-12-31T00:00:00,0,,,,,1,,682,,,,21041,,,0,,,,,1,E,true,,4553,,,,28396,,,,,,,,21061,,,,,42,,,,,,,,,,,,,,,,,,,,,,,,,,,,,,,,,,,,,,,2001-07-20 04:12:01.000000 UTC,3023,1668925,3023,2001-07-20 04:11:04.000000 UTC,,3,,,,,,,,,,,,,,,,,,,,,,,,,,,,airflow-worker,2024-01-25 07:24:02.397864 UTC,Dag - Corp_OracleEbs_BigQuery_PER_ALL_ASSIGNMENTS_F_Import,airflow-worker,2024-01-25 07:24:02.397864 UTC,Dag - Corp_OracleEbs_BigQuery_PER_ALL_ASSIGNMENTS_F_Import,airflow-worker,2024-01-25 07:24:02.397864 UTC,Dag - Corp_OracleEbs_BigQuery_PER_ALL_ASSIGNMENTS_F_Import,false,,
76,2578,21595,2001-07-20T00:00:00,2002-03-25T00:00:00,0,,,,,1,,682,,,,21042,,,0,,,,,1,E,true,,4554,,,,99296,,,,,,,,21062,,,,,42,,,,,,,,,,,,,,,,,,,,,,,,,,,,,,,,,,,,,,,2002-03-25 05:16:13.000000 UTC,3022,2174696,3023,2001-07-20 04:12:30.000000 UTC,,4,,,,,,,,,,,,,,,,,,,,,,,,,,,,airflow-worker,2024-01-25 07:24:02.397864 UTC,Dag - Corp_OracleEbs_BigQuery_PER_ALL_ASSIGNMENTS_F_Import,airflow-worker,2024-01-25 07:24:02.397864 UTC,Dag - Corp_OracleEbs_BigQuery_PER_ALL_ASSIGNMENTS_F_Import,airflow-worker,2024-01-25 07:24:02.397864 UTC,Dag - Corp_OracleEbs_BigQuery_PER_ALL_ASSIGNMENTS_F_Import,false,,
76,2578,21596,2001-07-20T00:00:00,4712-12-31T00:00:00,0,,,,,1,,682,,,,21043,,,0,,,,,1,E,true,,4555,,,,28181,,,,,,,,21063,,,,,42,,,,,,,,,,,,,,,,,,,,,,,,,,,,,,,,,,,,,,,2001-07-20 04:15:09.000000 UTC,3023,1668925,3023,2001-07-20 04:14:16.000000 UTC,,2,,,,,,,,,,,,,,,,,,,,,,,,,,,,airflow-worker,2024-01-25 07:24:02.397864 UTC,Dag - Corp_OracleEbs_BigQuery_PER_ALL_ASSIGNMENTS_F_Import,airflow-worker,2024-01-25 07:24:02.397864 UTC,Dag - Corp_OracleEbs_BigQuery_PER_ALL_ASSIGNMENTS_F_Import,airflow-worker,2024-01-25 07:24:02.397864 UTC,Dag - Corp_OracleEbs_BigQuery_PER_ALL_ASSIGNMENTS_F_Import,false,,
76,2578,21597,2001-07-20T00:00:00,4712-12-31T00:00:00,0,,,,,1,,682,,,,21044,,,0,,,,,1,E,true,,4556,,,,99296,,,,,,,,21064,,,,,42,,,,,,,,,,,,,,,,,,,,,,,,,,,,,,,,,,,,,,,2001-09-18 04:13:34.000000 UTC,3022,1787005,3023,2001-07-20 04:15:36.000000 UTC,,4,,,,,,,,,,,,,,,,,,,,,,,,,,,,airflow-worker,2024-01-25 07:24:02.397864 UTC,Dag - Corp_OracleEbs_BigQuery_PER_ALL_ASSIGNMENTS_F_Import,airflow-worker,2024-01-25 07:24:02.397864 UTC,Dag - Corp_OracleEbs_BigQuery_PER_ALL_ASSIGNMENTS_F_Import,airflow-worker,2024-01-25 07:24:02.397864 UTC,Dag - Corp_OracleEbs_BigQuery_PER_ALL_ASSIGNMENTS_F_Import,false,,
76,2578,21600,2001-07-20T00:00:00,4712-12-31T00:00:00,0,,,,,1,,682,,,,21047,,,0,,,,,1,E,true,,4559,,,,99296,,,,,,,,21067,,,,,42,,,,,,,,,,,,,,,,,,,,,,,,,,,,,,,,,,,,,,,2001-07-20 04:22:49.000000 UTC,3023,1668925,3023,2001-07-20 04:21:18.000000 UTC,,2,,,,,,,,,,,,,,,,,,,,,,,,,,,,airflow-worker,2024-01-25 07:24:02.397864 UTC,Dag - Corp_OracleEbs_BigQuery_PER_ALL_ASSIGNMENTS_F_Import,airflow-worker,2024-01-25 07:24:02.397864 UTC,Dag - Corp_OracleEbs_BigQuery_PER_ALL_ASSIGNMENTS_F_Import,airflow-worker,2024-01-25 07:24:02.397864 UTC,Dag - Corp_OracleEbs_BigQuery_PER_ALL_ASSIGNMENTS_F_Import,false,,
76,2578,22914,2001-10-11T00:00:00,4712-12-31T00:00:00,0,,,,,1,,682,,,,22260,,,0,,,,,1,E,true,,4859,,,,71832,,,,,,,,22280,,,,,42,,,,,,,,,,,,,,,,,,,,,,,,,,,,,,,,,,,,,,,2001-10-11 08:07:13.000000 UTC,3023,1835157,3023,2001-10-11 08:01:53.000000 UTC,,2,,,,,,,,,,,,,,,,,,,,,,,,,,,,airflow-worker,2024-01-25 07:24:02.397864 UTC,Dag - Corp_OracleEbs_BigQuery_PER_ALL_ASSIGNMENTS_F_Import,airflow-worker,2024-01-25 07:24:02.397864 UTC,Dag - Corp_OracleEbs_BigQuery_PER_ALL_ASSIGNMENTS_F_Import,airflow-worker,2024-01-25 07:24:02.397864 UTC,Dag - Corp_OracleEbs_BigQuery_PER_ALL_ASSIGNMENTS_F_Import,false,,
76,2578,22915,2001-10-11T00:00:00,4712-12-31T00:00:00,0,,,,,1,,682,,,,22261,,,0,,,,,1,E,true,,4860,,,,71832,,,,,,,,22281,,,,,42,,,,,,,,,,,,,,,,,,,,,,,,,,,,,,,,,,,,,,,2001-10-11 08:11:13.000000 UTC,3023,1835157,3023,2001-10-11 08:08:45.000000 UTC,,2,,,,,,,,,,,,,,,,,,,,,,,,,,,,airflow-worker,2024-01-25 07:24:02.397864 UTC,Dag - Corp_OracleEbs_BigQuery_PER_ALL_ASSIGNMENTS_F_Import,airflow-worker,2024-01-25 07:24:02.397864 UTC,Dag - Corp_OracleEbs_BigQuery_PER_ALL_ASSIGNMENTS_F_Import,airflow-worker,2024-01-25 07:24:02.397864 UTC,Dag - Corp_OracleEbs_BigQuery_PER_ALL_ASSIGNMENTS_F_Import,false,,
76,2578,23011,2001-10-18T00:00:00,4712-12-31T00:00:00,0,,,,,1,,682,,,,22357,,,0,,,,,1,E,true,,4892,,,,78056,,,,,,,,22377,,,,,42,,,,,,,,,,,,,,,,,,,,,,,,,,,,,,,,,,,,,,,2001-10-18 07:53:11.000000 UTC,3024,1847227,3024,2001-10-18 07:48:15.000000 UTC,,2,,,,,,,,,,,,,,,,,,,,,,,,,,,,airflow-worker,2024-01-25 07:24:02.397864 UTC,Dag - Corp_OracleEbs_BigQuery_PER_ALL_ASSIGNMENTS_F_Import,airflow-worker,2024-01-25 07:24:02.397864 UTC,Dag - Corp_OracleEbs_BigQuery_PER_ALL_ASSIGNMENTS_F_Import,airflow-worker,2024-01-25 07:24:02.397864 UTC,Dag - Corp_OracleEbs_BigQuery_PER_ALL_ASSIGNMENTS_F_Import,false,,
76,2578,23020,2001-10-19T00:00:00,4712-12-31T00:00:00,0,,,,,1,,682,,,,22366,,,0,,,,,1,E,true,,4901,,,,82703,,,,,,,,22386,,,,,42,,,,,,,,,,,,,,,,,,,,,,,,,,,,,,,,,,,,,,,2001-10-19 07:08:22.000000 UTC,3024,1849254,3024,2001-10-19 07:05:18.000000 UTC,,2,,,,,,,,,,,,,,,,,,,,,,,,,,,,airflow-worker,2024-01-25 07:24:02.397864 UTC,Dag - Corp_OracleEbs_BigQuery_PER_ALL_ASSIGNMENTS_F_Import,airflow-worker,2024-01-25 07:24:02.397864 UTC,Dag - Corp_OracleEbs_BigQuery_PER_ALL_ASSIGNMENTS_F_Import,airflow-worker,2024-01-25 07:24:02.397864 UTC,Dag - Corp_OracleEbs_BigQuery_PER_ALL_ASSIGNMENTS_F_Import,false,,
76,2578,23131,2001-10-29T00:00:00,4712-12-31T00:00:00,0,,,,,1,,682,,,,22458,,,0,,,,,1,E,true,,4932,,,,90331,,,,,,,,22478,,,,,42,,,,,,,,,,,,,,,,,,,,,,,,,,,,,,,,,,,,,,,2001-10-29 08:16:38.000000 UTC,3024,1867393,3024,2001-10-29 08:15:36.000000 UTC,,2,,,,,,,,,,,,,,,,,,,,,,,,,,,,airflow-worker,2024-01-25 07:24:02.397864 UTC,Dag - Corp_OracleEbs_BigQuery_PER_ALL_ASSIGNMENTS_F_Import,airflow-worker,2024-01-25 07:24:02.397864 UTC,Dag - Corp_OracleEbs_BigQuery_PER_ALL_ASSIGNMENTS_F_Import,airflow-worker,2024-01-25 07:24:02.397864 UTC,Dag - Corp_OracleEbs_BigQuery_PER_ALL_ASSIGNMENTS_F_Import,false,,
76,2578,23140,2001-10-30T00:00:00,4712-12-31T00:00:00,0,,,,,1,,682,,,,22467,,,0,,,,,1,E,true,,4941,,,,135128,,,,,,,,22487,,,,,42,,,,,,,,,,,,,,,,,,,,,,,,,,,,,,,,,,,,,,,2002-08-26 04:30:23.000000 UTC,3022,2382595,3024,2001-10-30 05:08:47.000000 UTC,,4,,,,,,,,,,,,,,,,,,,,,,,,,,,,airflow-worker,2024-01-25 07:24:02.397864 UTC,Dag - Corp_OracleEbs_BigQuery_PER_ALL_ASSIGNMENTS_F_Import,airflow-worker,2024-01-25 07:24:02.397864 UTC,Dag - Corp_OracleEbs_BigQuery_PER_ALL_ASSIGNMENTS_F_Import,airflow-worker,2024-01-25 07:24:02.397864 UTC,Dag - Corp_OracleEbs_BigQuery_PER_ALL_ASSIGNMENTS_F_Import,false,,
76,2578,23720,2002-01-14T00:00:00,4712-12-31T00:00:00,0,,,,,1,,682,,,,23045,,,0,,,,,1,E,true,,5380,,,,59602,,,,,,,,23065,,,,,42,,,,,,,,,,,,,,,,,,,,,,,,,,,,,,,,,,,,,,,2002-01-14 09:43:56.000000 UTC,3023,2087473,3023,2002-01-14 09:40:00.000000 UTC,,2,,,,,,,,,,,,,,,,,,,,,,,,,,,,airflow-worker,2024-01-25 07:24:02.397864 UTC,Dag - Corp_OracleEbs_BigQuery_PER_ALL_ASSIGNMENTS_F_Import,airflow-worker,2024-01-25 07:24:02.397864 UTC,Dag - Corp_OracleEbs_BigQuery_PER_ALL_ASSIGNMENTS_F_Import,airflow-worker,2024-01-25 07:24:02.397864 UTC,Dag - Corp_OracleEbs_BigQuery_PER_ALL_ASSIGNMENTS_F_Import,false,,
76,2578,14395,2000-10-09T00:00:00,4712-12-31T00:00:00,0,,,,,1,,462,,,,14078,,,0,,,,,1,E,true,,3101,,,,,,,,,,,,14118,,,,,1,,,,,,,,,,,,,,,,,,,,,,,,,,,,,,,,,,,,,,,2000-10-09 13:12:45.000000 UTC,2198,899167,2198,2000-10-09 13:11:37.000000 UTC,,2,,,,,,,,,,,,,,,,,,,,,,,,,,,,airflow-worker,2024-01-25 07:24:02.397864 UTC,Dag - Corp_OracleEbs_BigQuery_PER_ALL_ASSIGNMENTS_F_Import,airflow-worker,2024-01-25 07:24:02.397864 UTC,Dag - Corp_OracleEbs_BigQuery_PER_ALL_ASSIGNMENTS_F_Import,airflow-worker,2024-01-25 07:24:02.397864 UTC,Dag - Corp_OracleEbs_BigQuery_PER_ALL_ASSIGNMENTS_F_Import,false,,
76,2578,23696,2002-01-08T00:00:00,4712-12-31T00:00:00,0,,,,,1,,1264,,,,23021,,,0,,,,,1,E,true,,5356,,,,,,,,,,,,23041,,,,,102,,,,,,,,,,,,,,,,,,,,,,,,,,,,,,,,,,,,,,,2002-01-08 13:11:47.000000 UTC,3283,2079260,3283,2002-01-08 13:11:13.000000 UTC,,2,,,,,,,,,,,,,,,,,,,,,,,,,,,,airflow-worker,2024-01-25 07:24:02.397864 UTC,Dag - Corp_OracleEbs_BigQuery_PER_ALL_ASSIGNMENTS_F_Import,airflow-worker,2024-01-25 07:24:02.397864 UTC,Dag - Corp_OracleEbs_BigQuery_PER_ALL_ASSIGNMENTS_F_Import,airflow-worker,2024-01-25 07:24:02.397864 UTC,Dag - Corp_OracleEbs_BigQuery_PER_ALL_ASSIGNMENTS_F_Import,false,,
76,2578,23702,2002-01-08T00:00:00,4712-12-31T00:00:00,0,,,,,1,,1264,,,,23027,,,0,,,,,1,E,true,,5362,,,,,,,,,,,,23047,,,,,102,,,,,,,,,,,,,,,,,,,,,,,,,,,,,,,,,,,,,,,2002-01-08 15:33:45.000000 UTC,3283,2080246,3283,2002-01-08 15:33:19.000000 UTC,,2,,,,,,,,,,,,,,,,,,,,,,,,,,,,airflow-worker,2024-01-25 07:24:02.397864 UTC,Dag - Corp_OracleEbs_BigQuery_PER_ALL_ASSIGNMENTS_F_Import,airflow-worker,2024-01-25 07:24:02.397864 UTC,Dag - Corp_OracleEbs_BigQuery_PER_ALL_ASSIGNMENTS_F_Import,airflow-worker,2024-01-25 07:24:02.397864 UTC,Dag - Corp_OracleEbs_BigQuery_PER_ALL_ASSIGNMENTS_F_Import,false,,
76,2578,23707,2002-01-08T00:00:00,4712-12-31T00:00:00,0,,,,,1,,1264,,,,23032,,,0,,,,,1,E,true,,5367,,,,,,,,,,,,23052,,,,,102,,,,,,,,,,,,,,,,,,,,,,,,,,,,,,,,,,,,,,,2002-01-08 16:10:30.000000 UTC,3283,2080246,3283,2002-01-08 16:10:17.000000 UTC,,2,,,,,,,,,,,,,,,,,,,,,,,,,,,,airflow-worker,2024-01-25 07:24:02.397864 UTC,Dag - Corp_OracleEbs_BigQuery_PER_ALL_ASSIGNMENTS_F_Import,airflow-worker,2024-01-25 07:24:02.397864 UTC,Dag - Corp_OracleEbs_BigQuery_PER_ALL_ASSIGNMENTS_F_Import,airflow-worker,2024-01-25 07:24:02.397864 UTC,Dag - Corp_OracleEbs_BigQuery_PER_ALL_ASSIGNMENTS_F_Import,false,,
76,2578,23795,2002-02-01T00:00:00,4712-12-31T00:00:00,0,,,,,1,,1264,,,,23115,,,0,,,,,1,E,true,,5450,,,,96872,,,,,,,,23135,,,,,102,,,,,,,,,,,,,,,,,,,,,,,,,,,,,,,,,,,,,,,2002-02-22 07:46:58.000000 UTC,1068,2138987,3283,2002-02-01 09:12:03.000000 UTC,,5,,,,,,,,,,,,,,,,,,,,,,,,,,,,airflow-worker,2024-01-25 07:24:02.397864 UTC,Dag - Corp_OracleEbs_BigQuery_PER_ALL_ASSIGNMENTS_F_Import,airflow-worker,2024-01-25 07:24:02.397864 UTC,Dag - Corp_OracleEbs_BigQuery_PER_ALL_ASSIGNMENTS_F_Import,airflow-worker,2024-01-25 07:24:02.397864 UTC,Dag - Corp_OracleEbs_BigQuery_PER_ALL_ASSIGNMENTS_F_Import,false,,
76,2578,23826,2002-02-12T00:00:00,4712-12-31T00:00:00,0,,,,,1,,1264,,,,23146,,,0,,,,,1,E,true,,5481,,,,127220,,,,,,,,23166,,,,,102,,,,,,,,,,,,,,,,,,,,,,,,,,,,,,,,,,,,,,,2002-08-08 10:19:11.000000 UTC,1068,2358015,3283,2002-02-12 14:22:24.000000 UTC,,3,,,,,,,,,,,,,,,,,,,,,,,,,,,,airflow-worker,2024-01-25 07:24:02.397864 UTC,Dag - Corp_OracleEbs_BigQuery_PER_ALL_ASSIGNMENTS_F_Import,airflow-worker,2024-01-25 07:24:02.397864 UTC,Dag - Corp_OracleEbs_BigQuery_PER_ALL_ASSIGNMENTS_F_Import,airflow-worker,2024-01-25 07:24:02.397864 UTC,Dag - Corp_OracleEbs_BigQuery_PER_ALL_ASSIGNMENTS_F_Import,false,,
76,2578,24004,2002-03-25T00:00:00,4712-12-31T00:00:00,0,,,,,1,,1264,,,,23324,,,0,,,,,1,E,true,,5590,,,,130713,,,,,,,,23344,,,,,102,,,,,,,,,,,,,,,,,,,,,,,,,,,,,,,,,,,,,,,2002-05-16 12:21:32.000000 UTC,1068,2242532,2198,2002-03-25 13:59:55.000000 UTC,,4,,,,,,,,,,,,,,,,,,,,,,,,,,,,airflow-worker,2024-01-25 07:24:02.397864 UTC,Dag - Corp_OracleEbs_BigQuery_PER_ALL_ASSIGNMENTS_F_Import,airflow-worker,2024-01-25 07:24:02.397864 UTC,Dag - Corp_OracleEbs_BigQuery_PER_ALL_ASSIGNMENTS_F_Import,airflow-worker,2024-01-25 07:24:02.397864 UTC,Dag - Corp_OracleEbs_BigQuery_PER_ALL_ASSIGNMENTS_F_Import,false,,
76,2578,25357,2002-11-04T00:00:00,4712-12-31T00:00:00,0,,,,,1,,101,,24653,,24662,,,0,22,,,,1,E,true,,6623,,,,142380,,W,Office,false,40,,,24682,,,,,144,,17:30,09:00,,,,,,,,,,,,,,,,,,,,,,,,,,,,,,,,,,,,2002-11-04 13:14:25.000000 UTC,3457,2489392,3457,2002-11-04 13:13:28.000000 UTC,,2,,,,,,,,,,,,,,,,,,,,,,,,,,,,airflow-worker,2024-01-25 07:24:02.397864 UTC,Dag - Corp_OracleEbs_BigQuery_PER_ALL_ASSIGNMENTS_F_Import,airflow-worker,2024-01-25 07:24:02.397864 UTC,Dag - Corp_OracleEbs_BigQuery_PER_ALL_ASSIGNMENTS_F_Import,airflow-worker,2024-01-25 07:24:02.397864 UTC,Dag - Corp_OracleEbs_BigQuery_PER_ALL_ASSIGNMENTS_F_Import,false,,
76,2578,25397,2002-11-06T00:00:00,4712-12-31T00:00:00,0,,,,,1,,101,,15389,,24702,,,0,22,,,,1,E,true,,6635,,,,,,W,,false,40,,,24722,,,,,,,17:30,09:00,,,,,,,,,,,,,,,,,,,,,,,,,,,,,,,,,,,,2002-11-06 09:24:10.000000 UTC,3081,2494126,3081,2002-11-06 09:22:47.000000 UTC,,2,,,,,,,,,,,,,,,,,,,,,,,,,,,,airflow-worker,2024-01-25 07:24:02.397864 UTC,Dag - Corp_OracleEbs_BigQuery_PER_ALL_ASSIGNMENTS_F_Import,airflow-worker,2024-01-25 07:24:02.397864 UTC,Dag - Corp_OracleEbs_BigQuery_PER_ALL_ASSIGNMENTS_F_Import,airflow-worker,2024-01-25 07:24:02.397864 UTC,Dag - Corp_OracleEbs_BigQuery_PER_ALL_ASSIGNMENTS_F_Import,false,,
76,2578,25338,2002-11-04T00:00:00,4712-12-31T00:00:00,0,,,,,1,,11880,,24642,,24643,,,0,22,,,,1,E,true,,6604,,,,142375,,W,Office,false,40,,,24663,,,,,144,,17:30,09:00,,,,,,,,,,,,,,,,,,,,,,,,,,,,,,,,,,,,2002-11-04 12:35:37.000000 UTC,3457,2489392,3457,2002-11-04 12:34:27.000000 UTC,,2,,,,,,,,,,,,,,,,,,,,,,,,,,,,airflow-worker,2024-01-25 07:24:02.397864 UTC,Dag - Corp_OracleEbs_BigQuery_PER_ALL_ASSIGNMENTS_F_Import,airflow-worker,2024-01-25 07:24:02.397864 UTC,Dag - Corp_OracleEbs_BigQuery_PER_ALL_ASSIGNMENTS_F_Import,airflow-worker,2024-01-25 07:24:02.397864 UTC,Dag - Corp_OracleEbs_BigQuery_PER_ALL_ASSIGNMENTS_F_Import,false,,
76,2578,25339,2002-11-04T00:00:00,4712-12-31T00:00:00,0,,,,,1,,11880,,24627,,24644,,,0,22,,,,1,E,true,,6605,,,,141791,,W,Office,false,40,,,24664,,,,,144,,17:30,09:00,,,,,,,,,,,,,,,,,,,,,,,,,,,,,,,,,,,,2002-11-04 12:37:46.000000 UTC,3457,2489392,3457,2002-11-04 12:36:45.000000 UTC,,2,,,,,,,,,,,,,,,,,,,,,,,,,,,,airflow-worker,2024-01-25 07:24:02.397864 UTC,Dag - Corp_OracleEbs_BigQuery_PER_ALL_ASSIGNMENTS_F_Import,airflow-worker,2024-01-25 07:24:02.397864 UTC,Dag - Corp_OracleEbs_BigQuery_PER_ALL_ASSIGNMENTS_F_Import,airflow-worker,2024-01-25 07:24:02.397864 UTC,Dag - Corp_OracleEbs_BigQuery_PER_ALL_ASSIGNMENTS_F_Import,false,,
76,2578,25340,2002-11-04T00:00:00,2004-02-12T00:00:00,0,,,,172,1,,11880,,,,24645,,,0,22,,,,1,E,true,,6606,,,,142376,,W,Office,false,40,,,24665,,,,,144,,17:30,09:00,,,,,,,,,,,,,,,,,,,,,,,,,,,,,,,,,,,,2004-02-13 05:39:35.000000 UTC,4082,3526911,3457,2002-11-04 12:38:36.000000 UTC,,4,,,,,,,,,,,,,,,,,,,,,,,,,,,,airflow-worker,2024-01-25 07:24:02.397864 UTC,Dag - Corp_OracleEbs_BigQuery_PER_ALL_ASSIGNMENTS_F_Import,airflow-worker,2024-01-25 07:24:02.397864 UTC,Dag - Corp_OracleEbs_BigQuery_PER_ALL_ASSIGNMENTS_F_Import,airflow-worker,2024-01-25 07:24:02.397864 UTC,Dag - Corp_OracleEbs_BigQuery_PER_ALL_ASSIGNMENTS_F_Import,false,,
76,2578,25341,2002-11-04T00:00:00,4712-12-31T00:00:00,0,,,,,1,,11880,,24645,,24646,,,0,22,,,,1,E,true,,6607,,,,142376,,W,Office,false,40,,,24666,,,,,144,,17:30,09:00,,,,,,,,,,,,,,,,,,,,,,,,,,,,,,,,,,,,2002-11-04 12:42:42.000000 UTC,3457,2489392,3457,2002-11-04 12:40:46.000000 UTC,,2,,,,,,,,,,,,,,,,,,,,,,,,,,,,airflow-worker,2024-01-25 07:24:02.397864 UTC,Dag - Corp_OracleEbs_BigQuery_PER_ALL_ASSIGNMENTS_F_Import,airflow-worker,2024-01-25 07:24:02.397864 UTC,Dag - Corp_OracleEbs_BigQuery_PER_ALL_ASSIGNMENTS_F_Import,airflow-worker,2024-01-25 07:24:02.397864 UTC,Dag - Corp_OracleEbs_BigQuery_PER_ALL_ASSIGNMENTS_F_Import,false,,
76,2578,25342,2002-11-04T00:00:00,4712-12-31T00:00:00,0,,,,,1,,11880,,24627,,24647,,,0,22,,,,1,E,true,,6608,,,,141791,,W,Office,false,40,,,24667,,,,,144,,17:30,09:00,,,,,,,,,,,,,,,,,,,,,,,,,,,,,,,,,,,,2002-11-04 12:44:36.000000 UTC,3457,2489392,3457,2002-11-04 12:43:36.000000 UTC,,2,,,,,,,,,,,,,,,,,,,,,,,,,,,,airflow-worker,2024-01-25 07:24:02.397864 UTC,Dag - Corp_OracleEbs_BigQuery_PER_ALL_ASSIGNMENTS_F_Import,airflow-worker,2024-01-25 07:24:02.397864 UTC,Dag - Corp_OracleEbs_BigQuery_PER_ALL_ASSIGNMENTS_F_Import,airflow-worker,2024-01-25 07:24:02.397864 UTC,Dag - Corp_OracleEbs_BigQuery_PER_ALL_ASSIGNMENTS_F_Import,false,,
76,2578,25343,2004-02-13T00:00:00,4712-12-31T00:00:00,0,,,,172,1,,11880,,24654,,24648,,,0,22,,,,1,E,true,,6609,,,,142377,,W,Office,false,40,,,24668,,,,,144,,17:30,09:00,,,,,,,,,,,,,,,,,,,,,,,,,,,,,,,,,,,,2004-02-13 05:37:16.000000 UTC,4082,3526911,3457,2002-11-04 12:45:54.000000 UTC,,4,,,,,,,,,,,,,,,,,,,,,,,,,,,,airflow-worker,2024-01-25 07:24:02.397864 UTC,Dag - Corp_OracleEbs_BigQuery_PER_ALL_ASSIGNMENTS_F_Import,airflow-worker,2024-01-25 07:24:02.397864 UTC,Dag - Corp_OracleEbs_BigQuery_PER_ALL_ASSIGNMENTS_F_Import,airflow-worker,2024-01-25 07:24:02.397864 UTC,Dag - Corp_OracleEbs_BigQuery_PER_ALL_ASSIGNMENTS_F_Import,false,,
76,2578,25343,2004-01-20T00:00:00,2004-02-12T00:00:00,0,,,,172,1,,11880,,,,24648,,,0,22,,,,1,E,true,,6609,,,,142377,,W,Office,false,40,,,24668,,,,,144,,17:30,09:00,,,,,,,,,,,,,,,,,,,,,,,,,,,,,,,,,,,,2004-02-13 05:37:15.000000 UTC,4082,3526911,3457,2002-11-04 12:45:54.000000 UTC,,4,,,,,,,,,,,,,,,,,,,,,,,,,,,,airflow-worker,2024-01-25 07:24:02.397864 UTC,Dag - Corp_OracleEbs_BigQuery_PER_ALL_ASSIGNMENTS_F_Import,airflow-worker,2024-01-25 07:24:02.397864 UTC,Dag - Corp_OracleEbs_BigQuery_PER_ALL_ASSIGNMENTS_F_Import,airflow-worker,2024-01-25 07:24:02.397864 UTC,Dag - Corp_OracleEbs_BigQuery_PER_ALL_ASSIGNMENTS_F_Import,false,,
76,2578,25343,2002-11-04T00:00:00,2004-01-19T00:00:00,0,,,,174,1,,11880,,,,24648,,,0,22,,,,1,E,true,,6609,,,,142377,,W,Office,false,40,,,24668,,,,,144,,17:30,09:00,,,,,,,,,,,,,,,,,,,,,,,,,,,,,,,,,,,,2004-01-20 11:19:46.000000 UTC,1531,3457152,3457,2002-11-04 12:45:54.000000 UTC,,3,,,,,,,,,,,,,,,,,,,,,,,,,,,,airflow-worker,2024-01-25 07:24:02.397864 UTC,Dag - Corp_OracleEbs_BigQuery_PER_ALL_ASSIGNMENTS_F_Import,airflow-worker,2024-01-25 07:24:02.397864 UTC,Dag - Corp_OracleEbs_BigQuery_PER_ALL_ASSIGNMENTS_F_Import,airflow-worker,2024-01-25 07:24:02.397864 UTC,Dag - Corp_OracleEbs_BigQuery_PER_ALL_ASSIGNMENTS_F_Import,false,,
76,2578,25344,2002-11-04T00:00:00,4712-12-31T00:00:00,0,,,,,1,,11880,,24645,,24649,,,0,22,,,,1,E,true,,6610,,,,142376,,W,Office,false,40,,,24669,,,,,144,,17:30,09:00,,,,,,,,,,,,,,,,,,,,,,,,,,,,,,,,,,,,2002-11-04 12:49:10.000000 UTC,3457,2489392,3457,2002-11-04 12:47:59.000000 UTC,,2,,,,,,,,,,,,,,,,,,,,,,,,,,,,airflow-worker,2024-01-25 07:24:02.397864 UTC,Dag - Corp_OracleEbs_BigQuery_PER_ALL_ASSIGNMENTS_F_Import,airflow-worker,2024-01-25 07:24:02.397864 UTC,Dag - Corp_OracleEbs_BigQuery_PER_ALL_ASSIGNMENTS_F_Import,airflow-worker,2024-01-25 07:24:02.397864 UTC,Dag - Corp_OracleEbs_BigQuery_PER_ALL_ASSIGNMENTS_F_Import,false,,
76,2578,25346,2002-11-04T00:00:00,4712-12-31T00:00:00,0,,,,,1,,11880,,24650,,24651,,,0,22,,,,1,E,true,,6612,,,,142378,,W,Office,false,40,,,24671,,,,,144,,17:30,09:00,,,,,,,,,,,,,,,,,,,,,,,,,,,,,,,,,,,,2002-11-04 12:53:10.000000 UTC,3457,2489392,3457,2002-11-04 12:51:47.000000 UTC,,2,,,,,,,,,,,,,,,,,,,,,,,,,,,,airflow-worker,2024-01-25 07:24:02.397864 UTC,Dag - Corp_OracleEbs_BigQuery_PER_ALL_ASSIGNMENTS_F_Import,airflow-worker,2024-01-25 07:24:02.397864 UTC,Dag - Corp_OracleEbs_BigQuery_PER_ALL_ASSIGNMENTS_F_Import,airflow-worker,2024-01-25 07:24:02.397864 UTC,Dag - Corp_OracleEbs_BigQuery_PER_ALL_ASSIGNMENTS_F_Import,false,,
76,2578,25347,2004-01-20T00:00:00,2004-02-12T00:00:00,0,,,,171,1,,11880,,,,24652,,,0,22,,,,1,E,true,,6613,,,,142379,,W,Office,false,40,,,24672,,,,,144,,17:30,09:00,,,,,,,,,,,,,,,,,,,,,,,,,,,,,,,,,,,,2004-02-13 05:40:10.000000 UTC,4082,3526911,3457,2002-11-04 12:53:58.000000 UTC,,4,,,,,,,,,,,,,,,,,,,,,,,,,,,,airflow-worker,2024-01-25 07:24:02.397864 UTC,Dag - Corp_OracleEbs_BigQuery_PER_ALL_ASSIGNMENTS_F_Import,airflow-worker,2024-01-25 07:24:02.397864 UTC,Dag - Corp_OracleEbs_BigQuery_PER_ALL_ASSIGNMENTS_F_Import,airflow-worker,2024-01-25 07:24:02.397864 UTC,Dag - Corp_OracleEbs_BigQuery_PER_ALL_ASSIGNMENTS_F_Import,false,,
76,2578,25347,2002-11-04T00:00:00,2004-01-19T00:00:00,0,,,,172,1,,11880,,,,24652,,,0,22,,,,1,E,true,,6613,,,,142379,,W,Office,false,40,,,24672,,,,,144,,17:30,09:00,,,,,,,,,,,,,,,,,,,,,,,,,,,,,,,,,,,,2004-01-20 11:24:48.000000 UTC,1531,3457152,3457,2002-11-04 12:53:58.000000 UTC,,3,,,,,,,,,,,,,,,,,,,,,,,,,,,,airflow-worker,2024-01-25 07:24:02.397864 UTC,Dag - Corp_OracleEbs_BigQuery_PER_ALL_ASSIGNMENTS_F_Import,airflow-worker,2024-01-25 07:24:02.397864 UTC,Dag - Corp_OracleEbs_BigQuery_PER_ALL_ASSIGNMENTS_F_Import,airflow-worker,2024-01-25 07:24:02.397864 UTC,Dag - Corp_OracleEbs_BigQuery_PER_ALL_ASSIGNMENTS_F_Import,false,,
76,2578,25348,2002-11-04T00:00:00,2004-01-19T00:00:00,0,,,,172,1,,11880,,,,24653,,,0,22,,,,1,E,true,,6614,,,,142380,,W,Office,false,40,,,24673,,,,,144,,17:30,09:00,,,,,,,,,,,,,,,,,,,,,,,,,,,,,,,,,,,,2004-01-20 11:23:30.000000 UTC,1531,3457152,3457,2002-11-04 12:55:36.000000 UTC,,3,,,,,,,,,,,,,,,,,,,,,,,,,,,,airflow-worker,2024-01-25 07:24:02.397864 UTC,Dag - Corp_OracleEbs_BigQuery_PER_ALL_ASSIGNMENTS_F_Import,airflow-worker,2024-01-25 07:24:02.397864 UTC,Dag - Corp_OracleEbs_BigQuery_PER_ALL_ASSIGNMENTS_F_Import,airflow-worker,2024-01-25 07:24:02.397864 UTC,Dag - Corp_OracleEbs_BigQuery_PER_ALL_ASSIGNMENTS_F_Import,false,,
76,2578,25349,2002-11-04T00:00:00,2004-02-12T00:00:00,0,,,,176,1,,11880,,,,24654,,,0,22,,,,1,E,true,,6615,,,,142381,,W,Office,false,40,,,24674,,,,,144,,17:30,09:00,,,,,,,,,,,,,,,,,,,,,,,,,,,,,,,,,,,,2004-02-13 05:28:34.000000 UTC,4082,3526911,3457,2002-11-04 12:58:06.000000 UTC,,4,,,,,,,,,,,,,,,,,,,,,,,,,,,,airflow-worker,2024-01-25 07:24:02.397864 UTC,Dag - Corp_OracleEbs_BigQuery_PER_ALL_ASSIGNMENTS_F_Import,airflow-worker,2024-01-25 07:24:02.397864 UTC,Dag - Corp_OracleEbs_BigQuery_PER_ALL_ASSIGNMENTS_F_Import,airflow-worker,2024-01-25 07:24:02.397864 UTC,Dag - Corp_OracleEbs_BigQuery_PER_ALL_ASSIGNMENTS_F_Import,false,,
76,2578,25350,2002-11-04T00:00:00,2004-02-12T00:00:00,0,,,,172,1,,11880,,,,24655,,,0,22,,,,1,E,true,,6616,,,,142382,,W,Office,false,40,,,24675,,,,,144,,17:30,09:00,,,,,,,,,,,,,,,,,,,,,,,,,,,,,,,,,,,,2004-02-13 05:38:07.000000 UTC,4082,3526911,3457,2002-11-04 13:00:31.000000 UTC,,3,,,,,,,,,,,,,,,,,,,,,,,,,,,,airflow-worker,2024-01-25 07:24:02.397864 UTC,Dag - Corp_OracleEbs_BigQuery_PER_ALL_ASSIGNMENTS_F_Import,airflow-worker,2024-01-25 07:24:02.397864 UTC,Dag - Corp_OracleEbs_BigQuery_PER_ALL_ASSIGNMENTS_F_Import,airflow-worker,2024-01-25 07:24:02.397864 UTC,Dag - Corp_OracleEbs_BigQuery_PER_ALL_ASSIGNMENTS_F_Import,false,,
76,2578,25351,2002-11-04T00:00:00,4712-12-31T00:00:00,0,,,,,1,,11880,,24648,,24656,,,0,22,,,,1,E,true,,6617,,,,142377,,W,Office,false,40,,,24676,,,,,144,,17:30,09:00,,,,,,,,,,,,,,,,,,,,,,,,,,,,,,,,,,,,2002-11-04 13:03:54.000000 UTC,3457,2489392,3457,2002-11-04 13:02:43.000000 UTC,,2,,,,,,,,,,,,,,,,,,,,,,,,,,,,airflow-worker,2024-01-25 07:24:02.397864 UTC,Dag - Corp_OracleEbs_BigQuery_PER_ALL_ASSIGNMENTS_F_Import,airflow-worker,2024-01-25 07:24:02.397864 UTC,Dag - Corp_OracleEbs_BigQuery_PER_ALL_ASSIGNMENTS_F_Import,airflow-worker,2024-01-25 07:24:02.397864 UTC,Dag - Corp_OracleEbs_BigQuery_PER_ALL_ASSIGNMENTS_F_Import,false,,
76,2578,25352,2002-11-04T00:00:00,4712-12-31T00:00:00,0,,,,,1,,11880,,24648,,24657,,,0,22,,,,1,E,true,,6618,,,,142377,,W,Office,false,40,,,24677,,,,,144,,17:30,09:00,,,,,,,,,,,,,,,,,,,,,,,,,,,,,,,,,,,,2002-11-04 13:06:03.000000 UTC,3457,2489392,3457,2002-11-04 13:05:06.000000 UTC,,2,,,,,,,,,,,,,,,,,,,,,,,,,,,,airflow-worker,2024-01-25 07:24:02.397864 UTC,Dag - Corp_OracleEbs_BigQuery_PER_ALL_ASSIGNMENTS_F_Import,airflow-worker,2024-01-25 07:24:02.397864 UTC,Dag - Corp_OracleEbs_BigQuery_PER_ALL_ASSIGNMENTS_F_Import,airflow-worker,2024-01-25 07:24:02.397864 UTC,Dag - Corp_OracleEbs_BigQuery_PER_ALL_ASSIGNMENTS_F_Import,false,,
76,2578,25353,2002-11-04T00:00:00,4712-12-31T00:00:00,0,,,,,1,,11880,,24648,,24658,,,0,22,,,,1,E,true,,6619,,,,142377,,W,Office,false,40,,,24678,,,,,144,,17:30,09:00,,,,,,,,,,,,,,,,,,,,,,,,,,,,,,,,,,,,2002-11-04 13:07:29.000000 UTC,3457,2489392,3457,2002-11-04 13:06:45.000000 UTC,,2,,,,,,,,,,,,,,,,,,,,,,,,,,,,airflow-worker,2024-01-25 07:24:02.397864 UTC,Dag - Corp_OracleEbs_BigQuery_PER_ALL_ASSIGNMENTS_F_Import,airflow-worker,2024-01-25 07:24:02.397864 UTC,Dag - Corp_OracleEbs_BigQuery_PER_ALL_ASSIGNMENTS_F_Import,airflow-worker,2024-01-25 07:24:02.397864 UTC,Dag - Corp_OracleEbs_BigQuery_PER_ALL_ASSIGNMENTS_F_Import,false,,
76,2578,25354,2004-02-13T00:00:00,2004-03-11T00:00:00,0,,,,172,1,,11880,,23403,,24659,,,0,22,,,,1,E,true,,6620,,,,142383,,W,Office,false,40,,,24679,,,,,144,,17:30,09:00,,,,,,,,,,,,,,,,,,,,,,,,,,,,,,,,,,,,2004-03-12 02:46:47.000000 UTC,4082,3604850,3457,2002-11-04 13:08:09.000000 UTC,,5,,,,,,,,,,,,,,,,,,,,,,,,,,,,airflow-worker,2024-01-25 07:24:02.397864 UTC,Dag - Corp_OracleEbs_BigQuery_PER_ALL_ASSIGNMENTS_F_Import,airflow-worker,2024-01-25 07:24:02.397864 UTC,Dag - Corp_OracleEbs_BigQuery_PER_ALL_ASSIGNMENTS_F_Import,airflow-worker,2024-01-25 07:24:02.397864 UTC,Dag - Corp_OracleEbs_BigQuery_PER_ALL_ASSIGNMENTS_F_Import,false,,
76,2578,25354,2004-01-20T00:00:00,2004-02-12T00:00:00,0,,,,172,1,,11880,,,,24659,,,0,22,,,,1,E,true,,6620,,,,142383,,W,Office,false,40,,,24679,,,,,144,,17:30,09:00,,,,,,,,,,,,,,,,,,,,,,,,,,,,,,,,,,,,2004-02-13 05:43:07.000000 UTC,4082,3526911,3457,2002-11-04 13:08:09.000000 UTC,,4,,,,,,,,,,,,,,,,,,,,,,,,,,,,airflow-worker,2024-01-25 07:24:02.397864 UTC,Dag - Corp_OracleEbs_BigQuery_PER_ALL_ASSIGNMENTS_F_Import,airflow-worker,2024-01-25 07:24:02.397864 UTC,Dag - Corp_OracleEbs_BigQuery_PER_ALL_ASSIGNMENTS_F_Import,airflow-worker,2024-01-25 07:24:02.397864 UTC,Dag - Corp_OracleEbs_BigQuery_PER_ALL_ASSIGNMENTS_F_Import,false,,
76,2578,25354,2002-11-04T00:00:00,2004-01-19T00:00:00,0,,,,,1,,11880,,,,24659,,,0,22,,,,1,E,true,,6620,,,,142383,,W,Office,false,40,,,24679,,,,,144,,17:30,09:00,,,,,,,,,,,,,,,,,,,,,,,,,,,,,,,,,,,,2004-01-20 11:21:09.000000 UTC,1531,3457152,3457,2002-11-04 13:08:09.000000 UTC,,3,,,,,,,,,,,,,,,,,,,,,,,,,,,,airflow-worker,2024-01-25 07:24:02.397864 UTC,Dag - Corp_OracleEbs_BigQuery_PER_ALL_ASSIGNMENTS_F_Import,airflow-worker,2024-01-25 07:24:02.397864 UTC,Dag - Corp_OracleEbs_BigQuery_PER_ALL_ASSIGNMENTS_F_Import,airflow-worker,2024-01-25 07:24:02.397864 UTC,Dag - Corp_OracleEbs_BigQuery_PER_ALL_ASSIGNMENTS_F_Import,false,,
76,2578,25354,2004-03-12T00:00:00,4712-12-31T00:00:00,0,,,,172,1,,11880,,24626,,24659,,,0,22,,,,1,E,true,,6620,,,,142383,,W,Office,false,40,,,24679,,,,,144,,17:30,09:00,,,,,,,,,,,,,,,,,,,,,,,,,,,,,,,,,,,,2004-03-12 02:46:47.000000 UTC,4082,3604850,3457,2002-11-04 13:08:09.000000 UTC,,5,,,,,,,,,,,,,,,,,,,,,,,,,,,,airflow-worker,2024-01-25 07:24:02.397864 UTC,Dag - Corp_OracleEbs_BigQuery_PER_ALL_ASSIGNMENTS_F_Import,airflow-worker,2024-01-25 07:24:02.397864 UTC,Dag - Corp_OracleEbs_BigQuery_PER_ALL_ASSIGNMENTS_F_Import,airflow-worker,2024-01-25 07:24:02.397864 UTC,Dag - Corp_OracleEbs_BigQuery_PER_ALL_ASSIGNMENTS_F_Import,false,,
76,2578,25355,2002-11-04T00:00:00,2004-02-12T00:00:00,0,,,,,1,,11880,,,,24660,,,0,22,,,,1,E,true,,6621,,,,142383,,W,Office,false,40,,,24680,,,,,144,,17:30,09:00,,,,,,,,,,,,,,,,,,,,,,,,,,,,,,,,,,,,2004-02-13 05:33:21.000000 UTC,4082,3526911,3457,2002-11-04 13:09:47.000000 UTC,,3,,,,,,,,,,,,,,,,,,,,,,,,,,,,airflow-worker,2024-01-25 07:24:02.397864 UTC,Dag - Corp_OracleEbs_BigQuery_PER_ALL_ASSIGNMENTS_F_Import,airflow-worker,2024-01-25 07:24:02.397864 UTC,Dag - Corp_OracleEbs_BigQuery_PER_ALL_ASSIGNMENTS_F_Import,airflow-worker,2024-01-25 07:24:02.397864 UTC,Dag - Corp_OracleEbs_BigQuery_PER_ALL_ASSIGNMENTS_F_Import,false,,
76,2578,25355,2004-02-13T00:00:00,4712-12-31T00:00:00,0,,,,,1,,11880,,24659,,24660,,,0,22,,,,1,E,true,,6621,,,,142383,,W,Office,false,40,,,24680,,,,,144,,17:30,09:00,,,,,,,,,,,,,,,,,,,,,,,,,,,,,,,,,,,,2004-02-13 05:33:21.000000 UTC,4082,3526911,3457,2002-11-04 13:09:47.000000 UTC,,3,,,,,,,,,,,,,,,,,,,,,,,,,,,,airflow-worker,2024-01-25 07:24:02.397864 UTC,Dag - Corp_OracleEbs_BigQuery_PER_ALL_ASSIGNMENTS_F_Import,airflow-worker,2024-01-25 07:24:02.397864 UTC,Dag - Corp_OracleEbs_BigQuery_PER_ALL_ASSIGNMENTS_F_Import,airflow-worker,2024-01-25 07:24:02.397864 UTC,Dag - Corp_OracleEbs_BigQuery_PER_ALL_ASSIGNMENTS_F_Import,false,,
76,2578,25356,2002-11-04T00:00:00,4712-12-31T00:00:00,0,,,,,1,,11880,,24642,,24661,,,0,22,,,,1,E,true,,6622,,,,142381,,W,Office,false,40,,,24681,,,,,144,,17:30,09:00,,,,,,,,,,,,,,,,,,,,,,,,,,,,,,,,,,,,2002-11-04 13:12:26.000000 UTC,3457,2489392,3457,2002-11-04 13:11:18.000000 UTC,,2,,,,,,,,,,,,,,,,,,,,,,,,,,,,airflow-worker,2024-01-25 07:24:02.397864 UTC,Dag - Corp_OracleEbs_BigQuery_PER_ALL_ASSIGNMENTS_F_Import,airflow-worker,2024-01-25 07:24:02.397864 UTC,Dag - Corp_OracleEbs_BigQuery_PER_ALL_ASSIGNMENTS_F_Import,airflow-worker,2024-01-25 07:24:02.397864 UTC,Dag - Corp_OracleEbs_BigQuery_PER_ALL_ASSIGNMENTS_F_Import,false,,
76,2578,25358,2004-02-13T00:00:00,4712-12-31T00:00:00,0,,,,,1,,11880,,112947,,24663,,,0,22,,,,1,E,true,,6624,,,,142380,,W,Office,false,40,,,24683,,,,,144,,17:30,09:00,,,,,,,,,,,,,,,,,,,,,,,,,,,,,,,,,,,,2004-02-13 05:25:02.000000 UTC,4082,3526911,3457,2002-11-04 13:15:21.000000 UTC,,4,,,,,,,,,,,,,,,,,,,,,,,,,,,,airflow-worker,2024-01-25 07:24:02.397864 UTC,Dag - Corp_OracleEbs_BigQuery_PER_ALL_ASSIGNMENTS_F_Import,airflow-worker,2024-01-25 07:24:02.397864 UTC,Dag - Corp_OracleEbs_BigQuery_PER_ALL_ASSIGNMENTS_F_Import,airflow-worker,2024-01-25 07:24:02.397864 UTC,Dag - Corp_OracleEbs_BigQuery_PER_ALL_ASSIGNMENTS_F_Import,false,,
76,2578,25358,2002-11-04T00:00:00,2004-02-12T00:00:00,0,,,,,1,,11880,,24653,,24663,,,0,22,,,,1,E,true,,6624,,,,142380,,W,Office,false,40,,,24683,,,,,144,,17:30,09:00,,,,,,,,,,,,,,,,,,,,,,,,,,,,,,,,,,,,2004-02-13 05:25:02.000000 UTC,4082,3526911,3457,2002-11-04 13:15:21.000000 UTC,,4,,,,,,,,,,,,,,,,,,,,,,,,,,,,airflow-worker,2024-01-25 07:24:02.397864 UTC,Dag - Corp_OracleEbs_BigQuery_PER_ALL_ASSIGNMENTS_F_Import,airflow-worker,2024-01-25 07:24:02.397864 UTC,Dag - Corp_OracleEbs_BigQuery_PER_ALL_ASSIGNMENTS_F_Import,airflow-worker,2024-01-25 07:24:02.397864 UTC,Dag - Corp_OracleEbs_BigQuery_PER_ALL_ASSIGNMENTS_F_Import,false,,
76,2578,25543,2002-11-12T00:00:00,4712-12-31T00:00:00,0,,,,,1,,11880,,,,24830,,,0,22,,,,1,E,true,,6730,,,,141791,,W,OFFICE,false,40,,,24850,,,,,144,,17:30,09:00,,,,,,,,,,,,,,,,,,,,,,,,,,,,,,,,,,,,2002-11-12 09:01:02.000000 UTC,3457,2505241,3457,2002-11-12 08:56:12.000000 UTC,,3,,,,,,,,,,,,,,,,,,,,,,,,,,,,airflow-worker,2024-01-25 07:24:02.397864 UTC,Dag - Corp_OracleEbs_BigQuery_PER_ALL_ASSIGNMENTS_F_Import,airflow-worker,2024-01-25 07:24:02.397864 UTC,Dag - Corp_OracleEbs_BigQuery_PER_ALL_ASSIGNMENTS_F_Import,airflow-worker,2024-01-25 07:24:02.397864 UTC,Dag - Corp_OracleEbs_BigQuery_PER_ALL_ASSIGNMENTS_F_Import,false,,
76,2578,25565,2002-11-15T00:00:00,4712-12-31T00:00:00,0,,,,,1,,11880,,,,24852,,,0,22,,,,1,E,true,,6752,,,,142377,,W,,false,40,,,24872,,,,,144,,17:30,09:00,,,,,,,,,,,,,,,,,,,,,,,,,,,,,,,,,,,,2002-11-15 03:23:18.000000 UTC,4075,2510514,4075,2002-11-15 03:18:34.000000 UTC,,2,,,,,,,,,,,,,,,,,,,,,,,,,,,,airflow-worker,2024-01-25 07:24:02.397864 UTC,Dag - Corp_OracleEbs_BigQuery_PER_ALL_ASSIGNMENTS_F_Import,airflow-worker,2024-01-25 07:24:02.397864 UTC,Dag - Corp_OracleEbs_BigQuery_PER_ALL_ASSIGNMENTS_F_Import,airflow-worker,2024-01-25 07:24:02.397864 UTC,Dag - Corp_OracleEbs_BigQuery_PER_ALL_ASSIGNMENTS_F_Import,false,,
76,2578,25566,2002-11-15T00:00:00,4712-12-31T00:00:00,0,,,,,1,,11880,,,,24853,,,0,22,,,,1,E,true,,6753,,,,142380,,W,,false,40,,,24873,,,,,144,,17:30,09:00,,,,,,,,,,,,,,,,,,,,,,,,,,,,,,,,,,,,2002-11-15 03:32:26.000000 UTC,4075,2510514,4075,2002-11-15 03:28:50.000000 UTC,,3,,,,,,,,,,,,,,,,,,,,,,,,,,,,airflow-worker,2024-01-25 07:24:02.397864 UTC,Dag - Corp_OracleEbs_BigQuery_PER_ALL_ASSIGNMENTS_F_Import,airflow-worker,2024-01-25 07:24:02.397864 UTC,Dag - Corp_OracleEbs_BigQuery_PER_ALL_ASSIGNMENTS_F_Import,airflow-worker,2024-01-25 07:24:02.397864 UTC,Dag - Corp_OracleEbs_BigQuery_PER_ALL_ASSIGNMENTS_F_Import,false,,
76,2578,25567,2002-11-15T00:00:00,2004-03-15T00:00:00,0,,,,,1,,11880,,,,24854,,,0,22,,,,1,E,true,,6754,,,,144263,,W,,false,40,,,24874,,,,,144,,17:30,09:00,,,,,,,,,,,,,,,,,,,,,,,,,,,,,,,,,,,,2004-03-15 02:43:03.000000 UTC,4079,3609669,4075,2002-11-15 03:35:09.000000 UTC,,3,,,,,,,,,,,,,,,,,,,,,,,,,,,,airflow-worker,2024-01-25 07:24:02.397864 UTC,Dag - Corp_OracleEbs_BigQuery_PER_ALL_ASSIGNMENTS_F_Import,airflow-worker,2024-01-25 07:24:02.397864 UTC,Dag - Corp_OracleEbs_BigQuery_PER_ALL_ASSIGNMENTS_F_Import,airflow-worker,2024-01-25 07:24:02.397864 UTC,Dag - Corp_OracleEbs_BigQuery_PER_ALL_ASSIGNMENTS_F_Import,false,,
76,2578,25567,2004-03-16T00:00:00,2004-03-16T00:00:00,0,,,,,3,,11880,,,,24854,,,0,22,,,,1,E,true,,6754,,,,144263,,W,,false,40,,,24874,,,,,144,,17:30,09:00,,,,,,,,,,,,,,,,,,,,,,,,,,,,,,,,,,,,2004-06-08 01:36:14.000000 UTC,4079,3851802,4075,2002-11-15 03:35:09.000000 UTC,,6,,,,,,,,,,,,,,,,,,,,,,,,,,,,airflow-worker,2024-01-25 07:24:02.397864 UTC,Dag - Corp_OracleEbs_BigQuery_PER_ALL_ASSIGNMENTS_F_Import,airflow-worker,2024-01-25 07:24:02.397864 UTC,Dag - Corp_OracleEbs_BigQuery_PER_ALL_ASSIGNMENTS_F_Import,airflow-worker,2024-01-25 07:24:02.397864 UTC,Dag - Corp_OracleEbs_BigQuery_PER_ALL_ASSIGNMENTS_F_Import,false,,
76,2578,25568,2002-11-15T00:00:00,4712-12-31T00:00:00,0,,,,,1,,11880,,,,24855,,,0,22,,,,1,E,true,,6755,,,,142380,,W,,false,40,,,24875,,,,,144,,17:30,09:00,,,,,,,,,,,,,,,,,,,,,,,,,,,,,,,,,,,,2002-11-15 03:44:30.000000 UTC,4075,2510514,4075,2002-11-15 03:40:56.000000 UTC,,2,,,,,,,,,,,,,,,,,,,,,,,,,,,,airflow-worker,2024-01-25 07:24:02.397864 UTC,Dag - Corp_OracleEbs_BigQuery_PER_ALL_ASSIGNMENTS_F_Import,airflow-worker,2024-01-25 07:24:02.397864 UTC,Dag - Corp_OracleEbs_BigQuery_PER_ALL_ASSIGNMENTS_F_Import,airflow-worker,2024-01-25 07:24:02.397864 UTC,Dag - Corp_OracleEbs_BigQuery_PER_ALL_ASSIGNMENTS_F_Import,false,,
76,2578,25569,2002-11-15T00:00:00,4712-12-31T00:00:00,0,,,,,1,,11880,,,,24856,,,0,22,,,,1,E,true,,6756,,,,142380,,W,,false,40,,,24876,,,,,144,,17:30,09:00,,,,,,,,,,,,,,,,,,,,,,,,,,,,,,,,,,,,2002-11-15 03:46:48.000000 UTC,4075,2510514,4075,2002-11-15 03:45:58.000000 UTC,,2,,,,,,,,,,,,,,,,,,,,,,,,,,,,airflow-worker,2024-01-25 07:24:02.397864 UTC,Dag - Corp_OracleEbs_BigQuery_PER_ALL_ASSIGNMENTS_F_Import,airflow-worker,2024-01-25 07:24:02.397864 UTC,Dag - Corp_OracleEbs_BigQuery_PER_ALL_ASSIGNMENTS_F_Import,airflow-worker,2024-01-25 07:24:02.397864 UTC,Dag - Corp_OracleEbs_BigQuery_PER_ALL_ASSIGNMENTS_F_Import,false,,
76,2578,25570,2002-11-15T00:00:00,4712-12-31T00:00:00,0,,,,,1,,11880,,,,24857,,,0,22,,,,1,E,true,,6757,,,,142377,,W,,false,40,,,24877,,,,,144,,17:30,09:00,,,,,,,,,,,,,,,,,,,,,,,,,,,,,,,,,,,,2002-11-15 03:50:12.000000 UTC,4075,2510514,4075,2002-11-15 03:49:21.000000 UTC,,2,,,,,,,,,,,,,,,,,,,,,,,,,,,,airflow-worker,2024-01-25 07:24:02.397864 UTC,Dag - Corp_OracleEbs_BigQuery_PER_ALL_ASSIGNMENTS_F_Import,airflow-worker,2024-01-25 07:24:02.397864 UTC,Dag - Corp_OracleEbs_BigQuery_PER_ALL_ASSIGNMENTS_F_Import,airflow-worker,2024-01-25 07:24:02.397864 UTC,Dag - Corp_OracleEbs_BigQuery_PER_ALL_ASSIGNMENTS_F_Import,false,,
76,2578,25571,2002-11-15T00:00:00,4712-12-31T00:00:00,0,,,,,1,,11880,,,,24858,,,0,22,,,,1,E,true,,6758,,,,142377,,W,,false,40,,,24878,,,,,144,,17:30,09:00,,,,,,,,,,,,,,,,,,,,,,,,,,,,,,,,,,,,2002-11-15 03:52:06.000000 UTC,4075,2510514,4075,2002-11-15 03:51:22.000000 UTC,,2,,,,,,,,,,,,,,,,,,,,,,,,,,,,airflow-worker,2024-01-25 07:24:02.397864 UTC,Dag - Corp_OracleEbs_BigQuery_PER_ALL_ASSIGNMENTS_F_Import,airflow-worker,2024-01-25 07:24:02.397864 UTC,Dag - Corp_OracleEbs_BigQuery_PER_ALL_ASSIGNMENTS_F_Import,airflow-worker,2024-01-25 07:24:02.397864 UTC,Dag - Corp_OracleEbs_BigQuery_PER_ALL_ASSIGNMENTS_F_Import,false,,
76,2578,25572,2002-11-15T00:00:00,4712-12-31T00:00:00,0,,,,,1,,11880,,,,24859,,,0,22,,,,1,E,true,,6759,,,,142380,,W,,false,40,,,24879,,,,,144,,17:30,09:00,,,,,,,,,,,,,,,,,,,,,,,,,,,,,,,,,,,,2002-11-15 03:53:29.000000 UTC,4075,2510514,4075,2002-11-15 03:52:51.000000 UTC,,2,,,,,,,,,,,,,,,,,,,,,,,,,,,,airflow-worker,2024-01-25 07:24:02.397864 UTC,Dag - Corp_OracleEbs_BigQuery_PER_ALL_ASSIGNMENTS_F_Import,airflow-worker,2024-01-25 07:24:02.397864 UTC,Dag - Corp_OracleEbs_BigQuery_PER_ALL_ASSIGNMENTS_F_Import,airflow-worker,2024-01-25 07:24:02.397864 UTC,Dag - Corp_OracleEbs_BigQuery_PER_ALL_ASSIGNMENTS_F_Import,false,,
76,2578,25573,2002-11-15T00:00:00,4712-12-31T00:00:00,0,,,,,1,,11880,,,,24860,,,0,22,,,,1,E,true,,6760,,,,142376,,W,,false,40,,,24880,,,,,144,,17:30,09:00,,,,,,,,,,,,,,,,,,,,,,,,,,,,,,,,,,,,2002-11-15 03:55:27.000000 UTC,4075,2510514,4075,2002-11-15 03:54:48.000000 UTC,,2,,,,,,,,,,,,,,,,,,,,,,,,,,,,airflow-worker,2024-01-25 07:24:02.397864 UTC,Dag - Corp_OracleEbs_BigQuery_PER_ALL_ASSIGNMENTS_F_Import,airflow-worker,2024-01-25 07:24:02.397864 UTC,Dag - Corp_OracleEbs_BigQuery_PER_ALL_ASSIGNMENTS_F_Import,airflow-worker,2024-01-25 07:24:02.397864 UTC,Dag - Corp_OracleEbs_BigQuery_PER_ALL_ASSIGNMENTS_F_Import,false,,
76,2578,104454,2004-05-05T00:00:00,4712-12-31T00:00:00,0,,,,,1,,11880,,,,24854,,,0,22,,,,2,E,true,,6754-2,,,,703485,,W,,false,40,,,64678,,,,,144,,17:30,09:00,,,,,,,,,,,,,,,,,,,,,,,,,,,,,,,,,,,,2004-06-08 01:44:37.000000 UTC,4079,3851802,4079,2004-06-08 01:36:43.000000 UTC,,2,,,,,,,,,,,,,,,,,,,,,,,,,,,,airflow-worker,2024-01-25 07:24:02.397864 UTC,Dag - Corp_OracleEbs_BigQuery_PER_ALL_ASSIGNMENTS_F_Import,airflow-worker,2024-01-25 07:24:02.397864 UTC,Dag - Corp_OracleEbs_BigQuery_PER_ALL_ASSIGNMENTS_F_Import,airflow-worker,2024-01-25 07:24:02.397864 UTC,Dag - Corp_OracleEbs_BigQuery_PER_ALL_ASSIGNMENTS_F_Import,false,,
76,2578,20502,2002-10-08T00:00:00,2004-11-16T00:00:00,0,,,,127,1,,223,,22277,,19989,,,0,22,,,,1,E,true,,4200,,,,,,,,,,,,20009,,,,,124,,,,,,,,,,,,,,,,,,,,,,,,,,,,,,,,,,,,,,,2004-11-17 19:26:23.000000 UTC,3843,4472316,2198,2001-05-31 14:59:05.000000 UTC,,6,,,,,,,,,,,,,,,,,,,,,,,,,,,,airflow-worker,2024-01-25 07:24:02.397864 UTC,Dag - Corp_OracleEbs_BigQuery_PER_ALL_ASSIGNMENTS_F_Import,airflow-worker,2024-01-25 07:24:02.397864 UTC,Dag - Corp_OracleEbs_BigQuery_PER_ALL_ASSIGNMENTS_F_Import,airflow-worker,2024-01-25 07:24:02.397864 UTC,Dag - Corp_OracleEbs_BigQuery_PER_ALL_ASSIGNMENTS_F_Import,false,,
76,2578,20502,2004-11-17T00:00:00,2004-11-20T00:00:00,0,,,,127,1,,223,,24352,,19989,,,0,22,,,,1,E,true,,4200,,,,,,,,,,,,20009,,,,,124,,,,,,,,,,,,,,,,,,,,,,,,,,,,,,,,,,,,,,,2004-11-21 20:19:41.000000 UTC,3864,4489121,2198,2001-05-31 14:59:05.000000 UTC,,7,,,,,,,,,,,,,,,,,,,,,,,,,,,,airflow-worker,2024-01-25 07:24:02.397864 UTC,Dag - Corp_OracleEbs_BigQuery_PER_ALL_ASSIGNMENTS_F_Import,airflow-worker,2024-01-25 07:24:02.397864 UTC,Dag - Corp_OracleEbs_BigQuery_PER_ALL_ASSIGNMENTS_F_Import,airflow-worker,2024-01-25 07:24:02.397864 UTC,Dag - Corp_OracleEbs_BigQuery_PER_ALL_ASSIGNMENTS_F_Import,false,,
76,2578,20502,2002-09-30T00:00:00,2002-10-07T00:00:00,0,,,,127,1,,223,,22277,,19989,,,0,22,,,,1,E,true,,4200,,,,,,,,,,,,20009,,,,,124,,,,,,,,,,,,,,,,,,,,,,,,,,,,,,,,,,,,,,,2002-10-08 17:00:59.000000 UTC,3513,2443914,2198,2001-05-31 14:59:05.000000 UTC,,4,,,,,,,,,,,,,,,,,,,,,,,,,,,,airflow-worker,2024-01-25 07:24:02.397864 UTC,Dag - Corp_OracleEbs_BigQuery_PER_ALL_ASSIGNMENTS_F_Import,airflow-worker,2024-01-25 07:24:02.397864 UTC,Dag - Corp_OracleEbs_BigQuery_PER_ALL_ASSIGNMENTS_F_Import,airflow-worker,2024-01-25 07:24:02.397864 UTC,Dag - Corp_OracleEbs_BigQuery_PER_ALL_ASSIGNMENTS_F_Import,false,,